,apex,dist,hitter,pitcher,speed
0,94,445, Bryce Harper, C.J. Riefenhauser,108.6
1,85,437, Carlos Gonzalez, Vincent Velasquez,110.6
2,77,437, Chris Parmelee, Dustin McGowan,109.3
3,81,435, Wilson Ramos, Jake Elmore,107.8
4,96,432, Ryan Flaherty, Jeff Francoeur,105.6
5,79,422, Todd Frazier, Kyle Ryan,105.0
6,87,417, Luis Valbuena, Chris Rusin,105.0
7,96,417, Francisco Cervelli, Jose Quintana,103.5
8,104,414, Albert Pujols, Jeremy Hellickson,102.0
9,76,413, Robinson Chirinos, Josh Ravin,104.9
10,85,412, Manny Machado, Jerome Williams,109.6
11,108,409, Clint Robinson, Alex Colome,105.0
12,68,409, Manny Machado, Dustin McGowan,105.7
13,82,406, Justin Turner, Chi Chi Gonzalez,106.2
14,70,401, Mike Moustakas, Matt Garza,106.9
15,111,395, Todd Frazier, Kyle Ryan,98.7
16,75,395, Sean Rodriguez, Jose Quintana,103.4
17,65,393, Matt Kemp, Evan Scribner,105.4
18,72,392, Brad Miller, Tim Lincecum,102.6
19,71,390, Austin Hedges, Scott Kazmir,102.2
20,76,389, Wilson Ramos, Nick Franklin,102.3
21,77,389, David Freese, Randall Delgado,100.2
22,79,388, Brock Holt, Julio Teheran,100.1
23,92,387, Giancarlo Stanton, Chris Martin,102.1
24,87,385, David Lough, Dustin McGowan,100.9
25,100,385, Lorenzo Cain, Matt Garza,101.7
26,55,381, Jimmy Paredes, Dustin McGowan,107.0
27,67,380, Rene Rivera, Drew Storen,103.4
28,47,378, Maikel Franco, Chris Tillman,110.7
29,75,376, Chris Parmelee, Justin De Fratus,100.7
30,73,374, Scooter Gennett, Luke Hochevar,100.7
31,140,371, Chris Davis, Dustin McGowan,102.8
32,114,370, Matt Duffy, J.A. Happ,97.4
33,111,363, Carlos Santana, Jake Arrieta,96.3
34,81,358, Ben Zobrist, Andrew Cashner,98.0
35,76,346, Jay Bruce, Kyle Ryan,96.2
36,135,345, Hank Conger, Brooks Brown,97.4
37,107,342, Luis Valbuena, Chris Rusin,92.1
38,79,432, Yasmani Grandal, Tanner Scheppers,107.5
39,106,429, Mark Teixeira, Tom Koehler,105.5
40,74,429, George Springer, Latroy Hawkins,108.9
41,94,426, Jose Bautista, Noah Syndergaard,110.0
42,85,419, Kyle Seager, Jeremy Affeldt,106.9
43,98,418, Xander Bogaerts, Dana Eveland,102.8
44,86,417, Colby Rasmus, Chad Bettis,104.7
45,82,412, Paul Goldschmidt, Jered Weaver,101.9
46,104,407, J.D. Martinez, Nate Adcock,102.7
47,57,398, Yasmany Tomas, Jered Weaver,110.1
48,88,392, Lorenzo Cain, Kyle Lohse,100.8
49,74,389, Mark Reynolds, Trevor May,102.3
50,65,385, Yadier Molina, Trevor May,104.6
51,91,382, Derek Dietrich, Masahiro Tanaka,102.2
52,59,380, Stephen Vogt, Cory Mazzoni,107.2
53,88,378, Matt Wieters, Aaron Harang,100.5
54,54,355, Jose Bautista, Jeurys Familia,104.3
55,86,351, George Springer, Chad Bettis,94.0
56,117,450, Miguel Cabrera, Corey Kluber,107.8
57,93,430, Luis Valbuena, Danny Farquhar,108.4
58,106,424, Leonys Martin, Phil Hughes,104.2
59,90,423, Joey Gallo, Phil Hughes,104.4
60,97,419, Brian Dozier, Nick Martinez,103.6
61,76,411, Nolan Arenado, Dan Haren,106.9
62,93,398, Danny Valencia, Steven Wright,103.9
63,105,396, Darrell Ceciliani, Mike Foltynewicz,101.0
64,104,389, David Ortiz, Marco Estrada,100.2
65,68,388, Jace Peterson, Dillon Gee,103.8
66,88,388, J.D. Martinez, Scott Atchison,99.9
67,84,386, Travis d'Arnaud, Brandon Cunniff,102.4
68,122,386, Asdrubal Cabrera, Chris Sale,100.6
69,91,385, Ryan Goins, Eduardo Rodriguez,101.7
70,111,372, Dilson Herrera, Mike Foltynewicz,99.3
71,72,368, Juan Lagares, Luis Avilan,101.2
72,68,363, Charlie Blackmon, Dan Haren,101.2
73,117,352, Andre Ethier, James Shields,95.9
74,99,351, Brandon Moss, Joakim Soria,95.1
75,107,348, Marwin Gonzalez, Charlie Furbush,93.8
76,103,471, Joey Gallo, J.R. Graham,113.7
77,95,444, David Ortiz, R.A. Dickey,113.4
78,122,441, J.D. Martinez, Bryan Shaw,107.2
79,92,439, Russell Martin, Matt Barnes,108.6
80,126,437, Freddie Freeman, Jacob deGrom,110.2
81,79,426, Mitch Moreland, Mike Pelfrey,113.0
82,82,417, Manny Machado, CC Sabathia,104.3
83,65,415, Miguel Montero, Mike Leake,106.8
84,74,414, Logan Morrison, Collin McHugh,107.9
85,65,410, Yunel Escobar, Jimmy Nelson,106.3
86,82,410, Justin Upton, Zack Greinke,103.6
87,116,405, Logan Morrison, Collin McHugh,102.9
88,75,405, Albert Pujols, Kendall Graveman,106.0
89,97,403, Alex Gordon, Tyler Lyons,105.2
90,81,397, Alex Rodriguez, Bud Norris,100.6
91,107,396, Carlos Santana, Justin Verlander,101.3
92,130,392, Yasmani Grandal, Ian Kennedy,104.3
93,91,387, Eugenio Suarez, James Russell,97.9
94,79,383, Conor Gillaspie, Brad Boxberger,103.2
95,93,382, Joey Votto, Kyle Hendricks,99.2
96,119,377, Giancarlo Stanton, David Hale,102.2
97,116,374, Salvador Perez, Tyler Lyons,100.8
98,133,373, Mark Reynolds, Jeremy Guthrie,99.6
99,83,366, Wilson Ramos, Jimmy Nelson,97.7
100,81,363, Nolan Reimold, CC Sabathia,96.8
101,88,359, David Lough, Sergio Santos,94.9
102,83,452, Miguel Cabrera, Danny Salazar,110.0
103,110,442, Mike Trout, Evan Scribner,106.3
104,127,432, Chris Carter, Charlie Furbush,106.3
105,77,422, Luis Valbuena, Felix Hernandez,107.0
106,73,414, Justin Smoak, Tommy Layne,104.5
107,90,411, Mason Williams, Ubaldo Jimenez,103.8
108,89,407, Carlos Correa, Joe Beimel,102.2
109,95,404, Caleb Joseph, Jacob Lindgren,100.5
110,114,403, Starlin Castro, Johnny Cueto,106.8
111,92,400, Josh Phegley, Hector Santiago,101.5
112,89,399, Bryce Harper, Mike Fiers,100.5
113,100,396, Kole Calhoun, Evan Scribner,100.9
114,58,394, Pablo Sandoval, Drew Hutchison,107.0
115,82,394, Tyler Moore, Mike Fiers,104.1
116,75,393, Brian Dozier, Tanner Scheppers,103.6
117,70,390, Josh Reddick, Fernando Salas,102.9
118,56,387, Todd Frazier, Jason Hammel,107.4
119,111,384, Wilmer Flores, Alex Wood,96.2
120,104,384, John Mayberry Jr., Alex Wood,96.1
121,79,384, Carlos Gonzalez, Jose Urena,100.2
122,125,383, Dustin Pedroia, Drew Hutchison,98.5
123,79,381, J.T. Realmuto, Scott Oberg,100.9
124,113,381, Brett Lawrie, Hector Santiago,99.1
125,102,381, Clint Barmes, Clayton Kershaw,100.0
126,106,380, Martin Prado, Kyle Kendrick,99.1
127,63,379, Chris Davis, Michael Pineda,104.3
128,101,376, Elvis Andrus, Tommy Milone,100.1
129,97,365, Mookie Betts, Drew Hutchison,95.9
130,98,361, Derek Norris, Yimi Garcia,98.6
131,79,350, Jason Castro, Felix Hernandez,95.4
132,55,343, Jose Abreu, Brandon Gomes,100.8
133,89,431, David Ortiz, Chaz Roe,107.7
134,94,415, Miguel Montero, Michael Lorenzen,102.4
135,101,411, Brandon Crawford, Jonathon Niese,101.9
136,80,408, Manny Machado, Wade Miley,103.4
137,70,405, Jeff Baker, Chris Rusin,105.3
138,100,403, Gerardo Parra, Tanner Roark,100.6
139,87,400, Nolan Reimold, Wade Miley,99.6
140,63,393, Mike Trout, Alex Colome,108.8
141,64,391, Chris Dominguez, Tsuyoshi Wada,104.0
142,96,390, Josh Reddick, Ross Detwiler,99.5
143,114,388, Freddie Freeman, Andrew Cashner,98.7
144,136,387, Clint Robinson, Matt Garza,105.0
145,92,385, Adam Jones, Wade Miley,99.5
146,91,383, Giovanny Urshela, Vidal Nuno,98.1
147,81,378, Mark Canha, Jon Edwards,102.6
148,101,377, Albert Pujols, Preston Guilmet,97.4
149,124,372, Dexter Fowler, Michael Lorenzen,99.2
150,58,371, Giancarlo Stanton, Chris Rusin,106.6
151,72,368, Steven Souza Jr., Garrett Richards,98.6
152,66,430, Josh Donaldson, Sam Dyson,111.8
153,74,429, Ben Paulsen, Carlos Martinez,107.9
154,111,429, Adam LaRoche, Will Harris,106.1
155,90,423, Chris Coghlan, Shane Greene,107.5
156,118,421, Justin Smoak, Tom Koehler,109.5
157,93,416, Miguel Montero, Al Alburquerque,105.6
158,81,414, Danny Espinosa, Nathan Eovaldi,102.7
159,67,413, Yoenis Cespedes, Jake Arrieta,107.4
160,136,412, Pedro Alvarez, Kyle Lohse,104.1
161,113,411, Randal Grichuk, Tommy Kahnle,102.4
162,66,408, Russell Martin, Tom Koehler,107.8
163,77,404, Evan Longoria, Jered Weaver,104.0
164,96,403, Yasiel Puig, Jeremy Hellickson,99.6
165,76,401, Justin Maxwell, Matt Harvey,106.2
166,82,399, Jose Reyes, Tom Koehler,102.5
167,100,396, Yasmany Tomas, Brett Anderson,98.3
168,106,389, Joe Panik, Matt Harvey,99.0
169,100,389, Kyle Seager, Trevor Bauer,96.8
170,76,389, A.J. Pollock, Kenley Jansen,103.7
171,109,387, Yasmani Grandal, Jeremy Hellickson,97.7
172,87,386, Trevor Plouffe, Luke Hochevar,99.0
173,100,385, Brandon Belt, Matt Harvey,98.0
174,66,385, Paul Goldschmidt, Brett Anderson,102.6
175,69,377, Jose Abreu, Pat Neshek,101.4
176,70,374, Alex Gordon, Kyle Gibson,101.7
177,72,374, Geovany Soto, Tony Sipp,100.4
178,99,370, Ivan De Jesus, Jerome Williams,94.2
179,102,358, Marcell Ozuna, Brett Cecil,97.3
180,77,352, Michael Taylor, Jacob Lindgren,96.4
181,98,454, Mitch Moreland, Sonny Gray,109.5
182,74,450, Peter Bourjos, Boone Logan,110.9
183,116,430, Nolan Arenado, Michael Wacha,103.7
184,108,427, Christian Yelich, Mark Buehrle,108.9
185,94,426, Jhonny Peralta, Jorge De La Rosa,104.0
186,111,421, Bryce Harper, Masahiro Tanaka,101.6
187,75,420, Salvador Perez, Blaine Boyer,109.8
188,61,418, Joey Terdoslavich, Joaquin Benoit,109.3
189,94,414, Yan Gomes, Roenis Elias,102.1
190,95,413, Yan Gomes, Carson Smith,102.2
191,64,412, Joey Votto, Aaron Harang,105.9
192,115,411, Edwin Encarnacion, A.J. Ramos,101.6
193,95,409, Starling Marte, Taylor Jungmann,103.8
194,99,409, Todd Frazier, Aaron Harang,107.6
195,69,406, Jose Abreu, Dallas Keuchel,104.3
196,87,405, Giancarlo Stanton, Roberto Osuna,104.8
197,113,405, Aramis Ramirez, Jared Hughes,103.1
198,108,395, Joey Votto, Aaron Harang,98.4
199,139,386, Carlos Correa, Zach Duke,104.5
200,80,385, Stephen Drew, Taylor Hill,102.4
201,87,383, Joe Panik, Dillon Gee,100.1
202,89,381, Jason Rogers, Francisco Liriano,97.8
203,124,380, Joey Votto, Dustin McGowan,99.8
204,111,375, Stephen Drew, Max Scherzer,95.9
205,90,375, Matt Duffy, Noah Syndergaard,97.3
206,67,372, Giancarlo Stanton, Mark Buehrle,102.5
207,79,370, Howard Kendrick, Robbie Ray,98.8
208,68,362, Zack Cozart, Aaron Harang,99.9
209,59,359, Will Venable, Mike Foltynewicz,103.3
210,76,355, Albert Pujols, Nathan Karns,96.5
211,100,438, Josh Donaldson, Andre Rienzo,106.1
212,80,438, Kendrys Morales, Phil Hughes,109.1
213,72,434, Giancarlo Stanton, Marco Estrada,110.7
214,101,426, Nolan Arenado, John Lackey,103.8
215,81,418, Kolten Wong, David Hale,106.5
216,84,406, Jon Jay, David Hale,101.2
217,82,401, Jimmy Rollins, Rubby De La Rosa,100.4
218,51,386, Troy Tulowitzki, John Lackey,110.1
219,89,385, Ivan De Jesus, Cole Hamels,103.0
220,76,385, Eddie Rosario, Ryan Madson,100.0
221,111,382, Andre Ethier, Rubby De La Rosa,101.0
222,109,370, Zack Cozart, Justin De Fratus,97.4
223,74,366, Avisail Garcia, Lance McCullers,99.7
224,103,440, Jay Bruce, Odrisamer Despaigne,107.7
225,95,438, Adeiny Hechavarria, Boone Logan,104.0
226,71,434, Maikel Franco, Jeremy Affeldt,108.7
227,82,432, Odubel Herrera, Ryan Vogelsong,106.3
228,92,425, Jose Bautista, Collin McHugh,104.7
229,93,425, J.D. Martinez, Jeff Samardzija,102.4
230,84,418, Jose Pirela, C.J. Wilson,105.4
231,73,410, Jhonny Peralta, Zack Greinke,104.9
232,114,408, Russell Martin, Collin McHugh,102.5
233,74,408, Eric Campbell, Josh Collmenter,106.3
234,95,408, Curtis Granderson, Josh Collmenter,106.1
235,115,407, Jake Marisnick, R.A. Dickey,102.9
236,66,403, Adam Jones, Carlos Carrasco,107.4
237,112,403, Avisail Garcia, Alfredo Simon,96.4
238,95,400, Ian Desmond, Kyle Hendricks,100.5
239,54,398, Mike Trout, CC Sabathia,111.5
240,98,398, Matt Wieters, Zach McAllister,100.1
241,64,397, Carlos Gonzalez, Carter Capps,104.3
242,82,396, Mikie Mahtook, Mike Montgomery,100.0
243,91,394, Wilmer Flores, Josh Collmenter,99.7
244,108,385, Curtis Granderson, Josh Collmenter,99.1
245,94,384, Jose Bautista, Will Harris,99.5
246,101,380, Rusney Castillo, Kendall Graveman,97.7
247,97,376, Chris Young, C.J. Wilson,97.9
248,61,375, Yoenis Cespedes, Jeff Samardzija,103.9
249,64,372, Salvador Perez, Keone Kela,103.0
250,56,370, Brett Gardner, C.J. Wilson,108.5
251,108,363, Albert Pujols, CC Sabathia,98.2
252,110,345, Jay Bruce, Odrisamer Despaigne,94.0
253,92,457, Wilin Rosario, David Phelps,109.7
254,106,450, Wilson Ramos, Jason Hammel,110.9
255,68,430, Hanley Ramirez, Jesse Chavez,109.8
256,70,427, Ryan Braun, J.R. Graham,108.0
257,89,427, Carlos Gonzalez, David Phelps,102.6
258,104,427, Miguel Cabrera, John Danks,104.7
259,79,414, Chris Johnson, Jeff Locke,103.5
260,66,412, Jonathan Villar, Steve Delabar,114.8
261,54,412, Andrew McCutchen, Julio Teheran,110.8
262,110,410, Salvador Perez, Shawn Tolleson,103.7
263,87,398, Austin Jackson, Steven Geltz,104.3
264,65,391, Brian Dozier, Jonathan Broxton,104.7
265,82,389, Yonder Alonso, Tony Cingrani,98.6
266,70,388, Brian McCann, Garrett Richards,104.2
267,62,386, Andres Blanco, Madison Bumgarner,105.5
268,95,385, Bryce Harper, Jason Hammel,100.5
269,90,381, Zack Cozart, Andrew Cashner,98.4
270,50,381, Wilin Rosario, Andre Rienzo,112.3
271,111,380, Matt Kemp, Michael Lorenzen,96.7
272,59,376, Welington Castillo, Bartolo Colon,106.2
273,65,371, Jeff Francoeur, Madison Bumgarner,101.9
274,60,371, Mark Canha, Alexi Ogando,105.0
275,68,367, Juan Lagares, Chase Anderson,99.6
276,92,362, Manny Machado, Danny Salazar,98.4
277,94,349, Mike Trout, Adam Warren,93.9
278,79,339, Christian Bethancourt, Vance Worley,94.3
279,101,484, Giancarlo Stanton, Eddie Butler,113.6
280,95,433, Adam Jones, Shaun Marcum,107.1
281,94,432, Anthony Rizzo, Tanner Roark,106.1
282,100,431, Ryan Howard, Tim Lincecum,106.8
283,82,425, Justin Maxwell, Jerome Williams,111.8
284,116,424, Danny Espinosa, Tsuyoshi Wada,106.8
285,83,420, Buster Posey, Luis Garcia,104.1
286,83,420, Adam Lind, Kyle Gibson,110.8
287,122,420, Jason Castro, Aaron Sanchez,104.8
288,66,418, Will Venable, Jon Moscot,108.2
289,80,413, Jonathan Lucroy, Kyle Gibson,103.7
290,101,413, Miguel Montero, Tanner Roark,102.3
291,69,412, Will Middlebrooks, Jon Moscot,104.9
292,75,404, Mitch Moreland, Edinson Volquez,104.6
293,93,404, Adam LaRoche, Joakim Soria,98.8
294,73,402, Anthony Rizzo, Tanner Roark,109.2
295,150,402, Jose Bautista, Roberto Hernandez,111.6
296,127,401, Neil Walker, Williams Perez,106.8
297,71,400, Brett Lawrie, Wade Miley,105.1
298,68,399, Jose Reyes, Roberto Hernandez,105.0
299,64,392, Maikel Franco, Tim Lincecum,105.3
300,72,390, Starling Marte, Luis Avilan,104.4
301,62,387, Jean Segura, Kyle Gibson,106.8
302,72,387, Derek Norris, Pedro Villarreal,102.5
303,106,385, Avisail Garcia, Kyle Ryan,97.0
304,93,381, Michael Cuddyer, Jeremy Hellickson,99.9
305,70,380, Joe Mauer, Kyle Lohse,102.3
306,121,378, Logan Forsythe, Fernando Rodney,100.5
307,71,364, Matt Duffy, Jerome Williams,98.4
308,102,347, Stephen Drew, Jered Weaver,93.6
309,60,347, Stephen Drew, Jered Weaver,99.1
310,148,334, Mark Teixeira, Jered Weaver,99.8
311,84,438, Lorenzo Cain, Trevor Bauer,106.7
312,89,432, Paul Goldschmidt, Matt Harvey,106.5
313,82,417, Brandon Moss, Chris Young,103.9
314,127,406, Blake Swihart, Tommy Milone,107.1
315,55,400, John Mayberry Jr., Daniel Hudson,110.6
316,51,397, Jarrod Saltalamacchia, Matt Harvey,111.6
317,111,388, Dustin Pedroia, Tommy Milone,100.2
318,68,382, Tyler Collins, Dan Otero,106.7
319,124,374, Hank Conger, Wei-Yin Chen,98.6
320,100,371, Torii Hunter, Steven Wright,98.2
321,0,0, Adam Jones, Chad Qualls,0.0
322,98,454, Chris Carter, Miguel Gonzalez,109.3
323,74,439, Joey Gallo, Zach Duke,114.2
324,103,433, Mike Trout, Nathan Karns,105.1
325,82,433, Joc Pederson, Scott Oberg,108.1
326,108,426, Jose Abreu, Nick Martinez,104.0
327,98,420, Freddie Freeman, Rubby De La Rosa,108.0
328,68,418, Joey Butler, Hector Santiago,106.7
329,89,416, Joey Votto, Jake Diekman,103.5
330,71,413, Tyler Flowers, Tanner Scheppers,106.9
331,114,410, Junior Lake, Dan Haren,107.2
332,72,410, Maikel Franco, Aroldis Chapman,107.0
333,94,405, Johnny Giavotella, Nathan Karns,102.1
334,104,403, Jeff Baker, Jon Lester,106.3
335,110,402, A.J. Pollock, Mike Foltynewicz,100.8
336,72,401, A.J. Pierzynski, Brad Ziegler,103.3
337,65,400, Jose Bautista, Taylor Hill,105.3
338,154,397, Giancarlo Stanton, Jon Lester,105.1
339,92,396, Jordy Mercer, Tim Hudson,101.8
340,119,393, Garrett Jones, Taijuan Walker,102.0
341,80,393, Kevin Kiermaier, Huston Street,102.5
342,117,386, Steven Souza Jr., Hector Santiago,101.7
343,69,385, Gerardo Parra, John Lackey,102.7
344,117,377, Troy Tulowitzki, Mike Bolsinger,98.4
345,77,373, Freddie Freeman, Rubby De La Rosa,99.4
346,64,372, Brian Dozier, Eduardo Rodriguez,105.2
347,116,366, Mike Napoli, Michael Tonkin,97.7
348,97,362, Eduardo Escobar, Alexi Ogando,96.2
349,47,362, George Springer, Miguel Gonzalez,108.3
350,139,360, Chris Carter, Miguel Gonzalez,98.8
351,143,352, Mark Teixeira, Taijuan Walker,97.7
352,83,343, Josh Reddick, Anibal Sanchez,96.4
353,105,480, Joc Pederson, David Hale,110.8
354,110,467, Joc Pederson, Jorge De La Rosa,109.2
355,97,440, Troy Tulowitzki, Yimi Garcia,104.2
356,97,439, Michael McKenry, Ian Thomas,104.2
357,95,437, Shin-Soo Choo, Jeff Samardzija,107.8
358,100,430, Joey Gallo, Jeff Samardzija,108.7
359,93,423, Maikel Franco, Jumbo Diaz,111.2
360,86,423, Alex Guerrero, Rafael Betancourt,102.0
361,83,420, Adam Eaton, Colby Lewis,111.0
362,98,419, Adrian Gonzalez, David Hale,101.3
363,101,418, Albert Pujols, Chris Archer,106.4
364,70,417, Luis Valbuena, Mike Wright,109.3
365,70,416, Enrique Hernandez, David Hale,109.0
366,94,414, Jordy Mercer, Yusmeiro Petit,102.9
367,119,412, Giancarlo Stanton, Zac Rosscup,103.0
368,68,409, Ben Paulsen, Chris Hatcher,105.5
369,75,405, A.J. Pollock, Brandon Cunniff,103.7
370,90,401, Garrett Jones, Joe Beimel,100.7
371,70,398, Brandon Moss, Jeremy Guthrie,108.0
372,64,393, Chase Utley, Johnny Cueto,105.8
373,96,383, Brandon Crawford, A.J. Burnett,97.0
374,102,379, Kevin Pillar, Max Scherzer,100.1
375,75,378, Carlos Corporan, Hector Noesi,101.0
376,151,374, Evan Gattis, Mike Wright,106.8
377,120,374, Derek Norris, Noah Syndergaard,99.2
378,50,361, Ben Zobrist, Angel Nesbitt,107.4
379,74,355, Kevin Pillar, Max Scherzer,97.4
380,137,353, Logan Forsythe, C.J. Wilson,99.2
381,81,451, Andre Ethier, Kyle Kendrick,108.8
382,98,451, Freddie Freeman, Archie Bradley,108.5
383,78,450, Joc Pederson, Christian Friedrich,109.4
384,83,437, Howard Kendrick, Christian Bergman,105.8
385,74,432, Nolan Arenado, Clayton Kershaw,106.7
386,65,427, Mike Trout, Alex Colome,113.2
387,108,427, Albert Pujols, Andrew Bellatti,106.8
388,89,420, Starlin Castro, Bryan Morris,106.5
389,87,408, Jimmy Rollins, Kyle Kendrick,101.2
390,80,408, Mark Teixeira, Felix Hernandez,104.0
391,105,406, David Freese, Alex Colome,103.5
392,95,400, Albert Pujols, Alex Colome,104.2
393,81,372, Nick Franklin, Garrett Richards,100.5
394,55,371, Luis Valbuena, Ubaldo Jimenez,106.2
395,83,359, Daniel Murphy, Andrew Cashner,96.6
396,87,455, Delmon Young, Jake Odorizzi,111.6
397,81,425, Steven Souza Jr., Chris Tillman,106.6
398,95,425, Brandon Crawford, Julio Teheran,106.3
399,87,421, Freddie Freeman, Santiago Casilla,101.6
400,104,420, Martin Maldonado, Vidal Nuno,102.7
401,76,416, Trevor Plouffe, Drew Hutchison,108.8
402,106,416, Gregory Polanco, Odrisamer Despaigne,103.9
403,110,414, Joc Pederson, Kevin Siegrist,102.3
404,79,411, Manny Machado, Jake Odorizzi,102.1
405,99,410, Todd Frazier, Tanner Roark,106.6
406,86,409, Justin Bour, Bartolo Colon,101.8
407,99,404, Nolan Arenado, Jerome Williams,99.5
408,79,401, Juan Uribe, Madison Bumgarner,105.4
409,63,397, David DeJesus, Oliver Drake,104.4
410,127,390, Brandon Belt, Julio Teheran,101.9
411,83,387, Brandon Phillips, Tanner Roark,99.9
412,84,387, Joe Panik, Donnie Veal,100.5
413,74,386, Paul Goldschmidt, Tyler Wagner,101.1
414,80,378, Wilmer Flores, David Phelps,99.3
415,115,378, Jhonny Peralta, Brett Anderson,99.8
416,104,372, Josh Donaldson, Tim Stauffer,96.9
417,69,365, DJ LeMahieu, Jerome Williams,97.8
418,103,362, Delmon Young, Jake Odorizzi,97.7
419,78,361, Adam LaRoche, Jake Buchanan,97.2
420,97,361, Ryan Raburn, J.A. Happ,95.9
421,62,358, Will Middlebrooks, Jeff Locke,100.9
422,122,355, Stephen Vogt, Adam Warren,96.4
423,95,353, Mark Trumbo, Jeremy Jeffress,95.8
424,94,338, Manny Machado, Xavier Cedeno,91.2
425,94,466, Giancarlo Stanton, Alex Torres,114.5
426,90,434, Mike Trout, Shane Greene,106.9
427,110,425, Paul Goldschmidt, Kyle Lohse,103.4
428,64,422, Yasmani Grandal, Michael Wacha,109.6
429,90,421, Yoenis Cespedes, Jered Weaver,108.8
430,60,419, Giancarlo Stanton, Jonathon Niese,109.9
431,92,417, Albert Pujols, Shane Greene,109.0
432,73,415, Nolan Arenado, Aaron Harang,106.6
433,89,414, Jerry Sands, Roenis Elias,104.0
434,104,413, Ben Paulsen, Luis Garcia,101.2
435,74,411, Michael Taylor, Raisel Iglesias,108.3
436,93,409, Juan Uribe, Jean Machi,106.8
437,73,407, Carlos Beltran, Jesse Hahn,103.7
438,85,407, Ian Kinsler, Huston Street,101.9
439,111,404, Jeff Baker, Alex Torres,99.0
440,92,400, Joey Votto, Gio Gonzalez,99.9
441,72,399, Carlos Perez, Shane Greene,102.0
442,91,397, Matt Joyce, Shane Greene,99.4
443,106,393, Kole Calhoun, Shane Greene,98.1
444,105,391, Chris Carter, Dan Jennings,99.8
445,89,384, Paul Goldschmidt, Kyle Lohse,98.1
446,69,384, J.T. Realmuto, Jonathon Niese,104.9
447,56,380, Michael McKenry, Aaron Harang,106.0
448,94,379, Kevin Pillar, Kyle Gibson,99.3
449,87,376, Steven Souza Jr., Wei-Yin Chen,97.3
450,79,376, Joey Butler, Wei-Yin Chen,99.1
451,131,369, Cesar Hernandez, Rafael Betancourt,96.9
452,53,366, Robinson Cano, Shaun Marcum,107.0
453,59,360, Chris Herrmann, Aaron Sanchez,104.1
454,94,351, Evan Gattis, Dan Jennings,94.8
455,91,433, Freddie Freeman, Santiago Casilla,105.8
456,106,427, Josh Donaldson, Trevor May,104.4
457,63,423, David Peralta, Jimmy Nelson,110.6
458,82,420, Troy Tulowitzki, Cole Hamels,108.8
459,103,420, Todd Frazier, Blake Treinen,106.9
460,100,417, Derek Norris, Rob Scahill,103.2
461,106,414, Seth Smith, Trevor Bauer,103.4
462,100,406, Curtis Granderson, Dan Haren,102.9
463,57,406, Carlos Gomez, Rubby De La Rosa,111.7
464,83,406, Gordon Beckham, Chad Qualls,103.1
465,85,405, Alcides Escobar, Jake Arrieta,100.3
466,93,405, Chris Colabello, Glen Perkins,101.7
467,75,403, Ben Paulsen, Luis Garcia,103.2
468,87,398, Salvador Perez, Jake Arrieta,100.8
469,69,398, Joey Votto, Stephen Strasburg,103.5
470,132,397, Lucas Duda, Dan Haren,104.8
471,90,392, Nick Ahmed, Jonathan Broxton,98.4
472,72,391, Addison Russell, Kelvin Herrera,103.6
473,80,391, Albert Pujols, Anibal Sanchez,103.0
474,73,389, Alex Gordon, Jake Arrieta,96.9
475,65,388, Josh Hamilton, Steven Wright,107.6
476,118,387, Steven Souza Jr., Miguel Gonzalez,102.1
477,75,384, Ender Inciarte, Jimmy Nelson,101.1
478,70,384, A.J. Pollock, Corey Knebel,100.9
479,115,382, Brian McCann, Sonny Gray,98.2
480,80,381, Adam Lind, Rubby De La Rosa,99.2
481,97,379, Troy Tulowitzki, Cole Hamels,100.6
482,93,379, Chris Davis, Kevin Jepsen,100.5
483,84,374, Jorge Soler, Edinson Volquez,97.7
484,60,373, Buster Posey, Mike Foltynewicz,103.7
485,87,372, Hanley Ramirez, Ross Ohlendorf,96.9
486,71,370, Josh Hamilton, Steven Wright,100.8
487,82,370, Brett Lawrie, Jacob Lindgren,99.5
488,80,362, Justin Bour, Matt Harvey,97.9
489,82,450, Jung Ho Kang, Ian Kennedy,113.8
490,77,426, Brandon Moss, James Paxton,105.6
491,72,422, Hanley Ramirez, Nick Martinez,108.2
492,107,413, Matt Joyce, Buck Farmer,106.7
493,94,411, Chris Davis, Zach Duke,103.8
494,67,410, Gregory Polanco, Ian Kennedy,106.5
495,79,395, Chris Iannetta, Tom Gorzelanny,102.2
496,102,390, Brandon Belt, Shelby Miller,98.8
497,95,389, Mike Zunino, Corey Kluber,100.7
498,83,382, Starling Marte, Ian Kennedy,102.1
499,70,374, Dustin Ackley, Corey Kluber,99.6
500,90,366, Adam Eaton, Mike Wright,97.8
501,127,365, Adam LaRoche, Mike Wright,97.6
502,57,365, Albert Pujols, Buck Farmer,104.6
503,96,365, Brett Lawrie, CC Sabathia,98.6
504,104,348, Brian McCann, Kendall Graveman,95.3
505,60,341, Billy Burns, CC Sabathia,98.7
506,97,442, Leonys Martin, Scott Atchison,106.2
507,88,436, Chris Davis, Tony Sipp,108.6
508,101,434, Mark Trumbo, Lance Lynn,104.8
509,88,430, Noah Syndergaard, Sean O'Sullivan,105.4
510,95,430, Nelson Cruz, Brad Boxberger,105.5
511,67,429, Lucas Duda, Sean O'Sullivan,111.6
512,118,426, Eddie Rosario, Rick Porcello,105.0
513,89,425, Lucas Duda, Sean O'Sullivan,102.9
514,85,425, Cameron Maybin, Zack Greinke,104.9
515,94,424, Michael Cuddyer, Sean O'Sullivan,108.7
516,87,421, Carlos Santana, Colby Lewis,101.9
517,91,418, Evan Gattis, Ubaldo Jimenez,103.0
518,80,416, Lonnie Chisenhall, Anthony Bass,105.7
519,76,412, Justin Bour, Gerrit Cole,109.6
520,82,411, Mike Moustakas, Michael Pineda,104.5
521,91,410, Robinson Chirinos, Carlos Carrasco,105.9
522,87,406, Dustin Pedroia, Phil Hughes,102.9
523,74,401, Dustin Pedroia, Phil Hughes,103.7
524,68,401, Christian Yelich, Gerrit Cole,109.6
525,119,400, Nolan Arenado, Mike Leake,103.1
526,77,397, Matt Joyce, Andrew Cashner,106.7
527,65,394, Todd Frazier, Kyle Kendrick,104.3
528,115,393, Josh Donaldson, David Robertson,102.3
529,87,393, Jason Heyward, Brad Ziegler,105.0
530,75,388, Alex Guerrero, Jason Grilli,101.6
531,92,387, Will Middlebrooks, Garrett Richards,98.9
532,99,386, Aaron Hicks, Rick Porcello,99.9
533,71,385, Nick Swisher, Colby Lewis,101.0
534,121,379, Charlie Blackmon, Mike Leake,99.1
535,100,378, Joe Panik, Mike Fiers,99.3
536,71,378, Chris Davis, Collin McHugh,103.6
537,67,376, Bryce Harper, Jon Lester,101.1
538,63,375, Yoenis Cespedes, Dan Otero,104.6
539,124,375, Danny Espinosa, Travis Wood,98.2
540,136,374, Tucker Barnhart, Kyle Kendrick,100.4
541,70,371, Steve Pearce, Collin McHugh,101.7
542,139,365, Brian McCann, Chris Young,99.1
543,77,365, Kolten Wong, Josh Collmenter,97.9
544,57,352, Alex Rodriguez, Chris Young,100.9
545,136,463, Kris Bryant, Aaron Barrett,110.9
546,82,446, Prince Fielder, Danny Salazar,111.5
547,64,435, Hunter Pence, Matt Garza,111.7
548,97,428, Mitch Moreland, Nick Hagadone,110.5
549,94,424, Josh Donaldson, John Danks,110.4
550,80,421, Mark Teixeira, Jason Vargas,106.3
551,88,417, Kyle Seager, Brad Boxberger,102.9
552,65,413, Randal Grichuk, Archie Bradley,108.7
553,103,409, Matt Duffy, Matt Garza,98.2
554,126,405, Aramis Ramirez, Madison Bumgarner,102.2
555,146,403, Brandon Belt, Corey Knebel,105.9
556,127,401, Jason Kipnis, Wandy Rodriguez,99.3
557,62,400, Jose Abreu, R.A. Dickey,111.7
558,102,395, Nick Hundley, Michael Lorenzen,103.6
559,73,394, Denard Span, Pedro Strop,100.9
560,90,393, Ryan Raburn, Wandy Rodriguez,103.4
561,84,386, Adrian Gonzalez, Julio Teheran,98.4
562,123,379, Kyle Seager, Jake McGee,101.5
563,99,377, Nick Ahmed, Jaime Garcia,97.3
564,73,371, Paulo Orlando, Adam Warren,98.3
565,139,370, Dexter Fowler, Jordan Zimmermann,99.0
566,131,368, Bryce Harper, Kyle Hendricks,97.7
567,76,367, Josh Donaldson, David Robertson,99.5
568,73,353, Neil Walker, Jose Urena,96.7
569,101,465, Ryan Braun, Tim Lincecum,112.7
570,79,452, Josh Donaldson, Hector Noesi,112.2
571,102,442, Michael Cuddyer, Severino Gonzalez,106.7
572,117,441, Carlos Santana, Phil Klein,110.1
573,82,436, Lucas Duda, Severino Gonzalez,109.4
574,94,432, Prince Fielder, Shaun Marcum,105.1
575,117,431, Khris Davis, Tim Lincecum,106.3
576,94,426, Andre Ethier, Nick Masset,103.4
577,76,425, George Springer, Wei-Yin Chen,108.5
578,63,422, Mark Trumbo, Kevin Siegrist,108.0
579,93,418, Chase Headley, Jeremy Guthrie,105.2
580,89,417, Logan Forsythe, Roenis Elias,108.7
581,84,409, Khris Davis, Tim Lincecum,105.0
582,92,408, Denard Span, Tsuyoshi Wada,105.7
583,55,404, Pedro Alvarez, David Phelps,111.2
584,73,403, Wilson Ramos, Justin Grimm,103.6
585,119,403, Mike Zunino, Brandon Gomes,106.5
586,64,401, Steve Pearce, Dallas Keuchel,104.9
587,83,401, Elvis Andrus, Zach McAllister,101.1
588,119,398, Todd Frazier, Eddie Butler,100.2
589,102,391, Alex Guerrero, Nick Masset,98.4
590,88,388, Nolan Arenado, Jason Marquis,101.3
591,79,385, Norichika Aoki, Kyle Lohse,101.2
592,93,383, Adrian Beltre, Shaun Marcum,97.1
593,54,380, Slade Heathcott, Greg Holland,107.9
594,54,379, Kris Bryant, Tanner Roark,103.9
595,57,373, Trevor Plouffe, Joe Kelly,105.9
596,77,373, Jimmy Rollins, Nick Masset,100.1
597,100,372, Wilmer Flores, Justin De Fratus,98.3
598,127,371, Stephen Drew, Jeremy Guthrie,100.4
599,67,368, Marlon Byrd, Eddie Butler,101.3
600,54,367, Caleb Joseph, Dallas Keuchel,105.9
601,96,367, Jhonny Peralta, J.C. Ramirez,96.7
602,62,364, Brett Gardner, Jeremy Guthrie,102.0
603,121,364, Justin Smoak, Hector Noesi,96.8
604,92,351, Francisco Cervelli, David Phelps,95.0
605,101,349, Giancarlo Stanton, Charlie Morton,95.4
606,93,342, Roberto Perez, Phil Klein,89.5
607,62,336, Brian McCann, Jeremy Guthrie,95.1
608,110,450, Mike Napoli, Hector Santiago,105.9
609,76,433, Paul Goldschmidt, Jason Hammel,107.9
610,135,431, Edwin Encarnacion, Taijuan Walker,108.5
611,99,416, Kyle Seager, Aaron Sanchez,104.9
612,82,416, Will Middlebrooks, Carlos Frias,105.0
613,92,410, Andrew McCutchen, Jonathon Niese,101.2
614,94,410, Justin Upton, Carlos Frias,99.5
615,74,407, Martin Prado, Miguel Gonzalez,104.6
616,89,403, Marlon Byrd, Trevor Bauer,101.2
617,91,395, Ryan Goins, Taijuan Walker,104.1
618,86,395, Evan Gattis, Anibal Sanchez,100.5
619,91,394, Billy Burns, Erasmo Ramirez,100.9
620,73,394, Chris Coghlan, Jeremy Hellickson,104.9
621,75,390, Starling Marte, Erik Goeddel,102.1
622,60,390, Matt Carpenter, Yordano Ventura,111.5
623,103,389, Brian Dozier, Jose Quintana,103.6
624,113,386, Alex Guerrero, James Shields,98.9
625,68,385, Miguel Cabrera, Luke Gregerson,106.5
626,52,384, Josh Reddick, Ernesto Frieri,109.8
627,108,383, Nolan Arenado, Jean Machi,99.1
628,86,379, Adam Rosales, Chris Capuano,97.6
629,96,377, Preston Tucker, Anibal Sanchez,100.8
630,72,376, Miguel Montero, Jeremy Hellickson,101.1
631,97,372, Brian Dozier, Scott Carroll,101.4
632,68,369, Mark Canha, Erasmo Ramirez,102.5
633,71,350, Jose Abreu, Kyle Gibson,96.8
634,86,446, Mike Napoli, C.J. Wilson,113.1
635,75,427, Ben Paulsen, Chris Heston,105.5
636,113,426, Andrew McCutchen, Matt Harvey,103.8
637,127,423, Nick Hundley, Chris Heston,105.5
638,91,422, Pedro Alvarez, Matt Harvey,108.3
639,78,417, Eduardo Nunez, Chris Sale,105.6
640,74,411, Chris Colabello, James Paxton,110.0
641,82,411, Alex Gordon, John Lackey,105.1
642,106,411, Charlie Blackmon, Chris Heston,99.7
643,88,408, Kyle Seager, Mark Buehrle,108.3
644,68,405, Torii Hunter, Chris Sale,111.3
645,84,404, Maikel Franco, Stephen Strasburg,101.5
646,124,402, Ryan Howard, A.J. Cole,98.9
647,81,400, Joc Pederson, Ian Kennedy,100.3
648,116,397, Carlos Beltran, Nick Martinez,100.7
649,129,396, Anthony Rizzo, Enrique Burgos,100.1
650,63,391, Didi Gregorius, Nick Martinez,105.3
651,95,390, Prince Fielder, Branden Pinder,99.1
652,65,386, Mike Napoli, C.J. Wilson,108.2
653,97,379, Ruben Tejada, Antonio Bastardo,99.2
654,90,377, Daniel Descalso, Yusmeiro Petit,96.8
655,100,366, Tuffy Gosewisch, Jake Arrieta,97.8
656,63,335, Shin-Soo Choo, Esmil Rogers,95.8
657,92,464, Tim Beckham, Arnold Leon,113.3
658,132,437, Brandon Belt, Kyle Kendrick,111.2
659,96,433, Kendrys Morales, Lance Lynn,109.5
660,107,430, Joc Pederson, Joaquin Benoit,105.0
661,101,428, Mike Napoli, Garrett Richards,104.1
662,98,425, Evan Longoria, Scott Kazmir,105.8
663,66,421, Nelson Cruz, Marco Estrada,108.4
664,77,421, Brandon Moss, Mike Leake,108.9
665,71,419, Albert Pujols, Rick Porcello,107.1
666,97,416, Prince Fielder, Chasen Shreve,101.8
667,87,413, Ryan Braun, Eric Stults,103.8
668,103,407, Mitch Moreland, Michael Pineda,104.9
669,71,407, Paul Goldschmidt, Hector Rondon,105.7
670,106,404, Kendrys Morales, Lance Lynn,101.4
671,79,404, Justin Bour, Brad Brach,103.1
672,102,400, Matt Duffy, Christian Bergman,101.9
673,91,396, Chris Colabello, Fernando Rodney,104.0
674,77,390, Edwin Encarnacion, Felix Hernandez,102.3
675,49,390, Steven Souza Jr., Evan Scribner,114.0
676,69,389, Didi Gregorius, Colby Lewis,102.1
677,93,388, Nick Ahmed, Jon Lester,102.9
678,118,385, Chris Iannetta, Matt Barnes,97.6
679,106,380, Prince Fielder, Michael Pineda,99.8
680,78,378, DJ LeMahieu, Geroge Kontos,97.9
681,66,377, J.D. Martinez, Collin McHugh,101.1
682,56,376, Dexter Fowler, Josh Collmenter,106.5
683,56,370, Stephen Vogt, Chris Archer,105.9
684,77,365, Mark Teixeira, Ross Ohlendorf,97.6
685,95,364, Erick Aybar, Matt Barnes,95.2
686,72,351, Bryce Harper, Sean O'Sullivan,97.8
687,110,350, Garrett Jones, Tanner Scheppers,93.8
688,98,446, Lucas Duda, Jaime Garcia,108.3
689,100,438, Nick Castellanos, Scott Feldman,106.4
690,104,438, Tyler Flowers, Bryan Shaw,112.9
691,80,431, Marc Krauss, R.A. Dickey,112.6
692,95,427, Lucas Duda, Randy Choate,105.6
693,72,426, Edwin Encarnacion, Matt Shoemaker,111.5
694,99,419, David Freese, R.A. Dickey,102.9
695,60,417, Kris Bryant, Odrisamer Despaigne,109.8
696,98,416, Ryan Howard, Jorge De La Rosa,103.1
697,97,395, David DeJesus, Jesse Chavez,101.1
698,89,392, Addison Russell, Dale Thayer,103.4
699,112,391, Madison Bumgarner, Clayton Kershaw,101.1
700,94,388, Mitch Moreland, Clay Buchholz,97.5
701,63,382, Nick Swisher, John Danks,102.2
702,84,380, Preston Tucker, Joakim Soria,97.2
703,92,371, Steve Pearce, J.A. Happ,96.8
704,59,371, Michael McKenry, Jerome Williams,104.2
705,105,360, James McCann, Tony Sipp,94.8
706,92,357, Mike Aviles, John Danks,94.7
707,71,348, Danny Valencia, Matt Shoemaker,97.1
708,115,454, Ryan Howard, Eddie Butler,107.4
709,105,450, Evan Gattis, Jesse Hahn,110.8
710,91,433, Ian Desmond, Adam Warren,104.7
711,56,424, Justin Upton, Tsuyoshi Wada,113.1
712,72,423, Mike Trout, Drew Hutchison,106.9
713,94,422, Adam Eaton, Shaun Marcum,107.7
714,64,419, Matt Adams, Bartolo Colon,112.9
715,117,417, Buster Posey, Yimi Garcia,103.3
716,97,416, Justin Ruggiano, Wei-Yin Chen,104.1
717,94,412, Robinson Chirinos, Joe Kelly,101.1
718,109,411, Xander Bogaerts, Phil Klein,105.3
719,91,410, Conor Gillaspie, Shaun Marcum,103.6
720,86,410, Jason Heyward, Bartolo Colon,103.2
721,69,405, Joe Mauer, Antonio Bastardo,106.6
722,64,404, Andrew McCutchen, Blaine Boyer,105.5
723,84,401, Ryan Braun, Shane Greene,106.2
724,63,365, Tyler Moore, Adam Warren,102.5
725,116,450, Pedro Alvarez, Ricky Nolasco,114.1
726,98,427, Asdrubal Cabrera, Mike Foltynewicz,108.9
727,116,427, Wilson Ramos, David Carpenter,106.8
728,79,424, Nick Hundley, Justin De Fratus,105.3
729,96,421, Chris Coghlan, Craig Kimbrel,104.2
730,69,418, Nelson Cruz, Miguel Gonzalez,108.1
731,91,415, Mark Teixeira, Gio Gonzalez,108.3
732,85,412, Chris Coghlan, James Shields,103.5
733,101,410, Josh Donaldson, Hector Santiago,101.2
734,71,408, Brian Dozier, Francisco Liriano,102.6
735,97,406, Dexter Fowler, James Shields,103.2
736,68,406, Ian Desmond, Nathan Eovaldi,104.5
737,141,403, Giancarlo Stanton, Jeremy Hellickson,107.3
738,82,402, Aramis Ramirez, Anibal Sanchez,106.9
739,72,402, Mike Napoli, Yovani Gallardo,109.4
740,70,401, Trevor Plouffe, Francisco Liriano,105.9
741,58,400, Bryce Harper, Nathan Eovaldi,106.1
742,64,400, Mark Reynolds, Jonathon Niese,108.9
743,67,399, David Ortiz, Yovani Gallardo,104.3
744,63,394, Leonys Martin, Koji Uehara,107.5
745,113,389, Chris Carter, Sonny Gray,103.9
746,122,386, Brandon Moss, Zach Putnam,101.1
747,58,386, Seth Smith, Miguel Gonzalez,109.0
748,76,382, Jimmy Paredes, Danny Farquhar,100.3
749,124,370, Colby Rasmus, Fernando Abad,99.2
750,115,369, Adam Lind, Anibal Sanchez,99.2
751,61,366, A.J. Pollock, Mike Dunn,104.1
752,65,361, Ryan Zimmerman, Andrew Miller,100.8
753,59,356, Kole Calhoun, Aaron Sanchez,102.2
754,73,350, Jason Castro, Fernando Abad,96.8
755,64,342, Max Muncy, Roberto Hernandez,96.6
756,107,340, Ryan Braun, Anibal Sanchez,96.6
757,130,334, Daniel Murphy, Michael Wacha,96.3
758,87,445, Jose Bautista, Cesar Ramos,117.2
759,68,438, Chris Iannetta, Aaron Loup,113.9
760,89,426, Albert Pujols, Todd Redmond,111.6
761,65,393, Aramis Ramirez, Kyle Lobstein,109.9
762,64,389, Carlos Gomez, Kyle Lobstein,108.8
763,85,383, David Freese, Ryan Tepera,99.6
764,62,381, J.T. Realmuto, Rubby De La Rosa,106.7
765,89,434, Kolten Wong, Alfredo Simon,108.9
766,73,420, Jay Bruce, Jeremy Affeldt,106.3
767,113,412, Mitch Moreland, Carlos Carrasco,100.2
768,108,406, Jedd Gyorko, Sammy Solis,102.9
769,104,400, Avisail Garcia, Tyler Clippard,100.1
770,76,398, Brandon Belt, Jumbo Diaz,102.2
771,122,396, Curtis Granderson, Wily Peralta,104.3
772,98,396, Max Muncy, Jeff Samardzija,99.4
773,136,391, Colby Rasmus, Mark Buehrle,105.2
774,126,390, Justin Upton, Stephen Strasburg,104.5
775,83,383, Darin Ruf, Josh Collmenter,99.3
776,102,383, Danny Espinosa, Ian Kennedy,102.1
777,65,382, Kyle Seager, Craig Breslow,105.1
778,49,382, Justin Upton, Tanner Roark,113.8
779,89,381, Brandon Phillips, Yusmeiro Petit,97.3
780,87,375, Salvador Perez, Chris Capuano,96.9
781,76,374, Brad Miller, Steven Wright,102.5
782,67,372, Bryce Harper, Dale Thayer,103.8
783,105,367, Maikel Franco, Randall Delgado,95.8
784,49,366, Hunter Pence, Anthony Desclafani,109.6
785,101,355, Luis Valbuena, Mark Buehrle,93.8
786,88,475, Giancarlo Stanton, Alex Wood,114.6
787,100,425, Jason Kipnis, Neftali Feliz,108.0
788,89,420, Brandon Belt, Mike Leake,104.4
789,58,420, Carlos Gonzalez, Zack Greinke,111.4
790,73,419, Miguel Cabrera, Tyler Lyons,105.0
791,89,419, Alex Rodriguez, Joe Blanton,103.6
792,95,418, Shin-Soo Choo, Danny Salazar,108.1
793,83,416, Jace Peterson, Mat Latos,105.9
794,80,415, Tommy Field, Danny Salazar,106.5
795,67,415, Chris Carter, Liam Hendriks,108.1
796,108,415, Edwin Encarnacion, Luke Gregerson,104.4
797,99,413, Jhonny Peralta, David Price,104.7
798,116,411, Brad Miller, Rick Porcello,102.5
799,97,411, Robinson Chirinos, Scott Atchison,105.5
800,72,410, Gregor Blanco, Mike Leake,104.3
801,73,408, Tim Beckham, Trevor May,105.8
802,104,408, Brandon Crawford, Mike Leake,102.1
803,74,406, Sean Rodriguez, Jon Lester,104.2
804,67,402, Chase Headley, Danny Duffy,108.5
805,73,402, Pablo Sandoval, Felix Hernandez,102.8
806,124,400, Evan Gattis, Marco Estrada,102.0
807,59,397, Nolan Arenado, Sergio Santos,106.4
808,85,394, Kevin Plawecki, Neal Cotts,101.3
809,103,392, Peter Bourjos, David Price,100.8
810,56,392, Marwin Gonzalez, Liam Hendriks,108.4
811,74,391, Wilmer Flores, Matt Garza,100.6
812,71,383, Billy Butler, John Danks,100.5
813,76,382, Daniel Descalso, Sergio Santos,101.5
814,88,380, Jeff Francoeur, Archie Bradley,98.0
815,65,375, Logan Forsythe, Glen Perkins,102.4
816,120,375, Steve Pearce, Matt Shoemaker,101.6
817,92,374, Yasmany Tomas, Ken Giles,96.4
818,87,370, Curtis Granderson, Neal Cotts,99.4
819,63,369, Matt Carpenter, David Price,103.2
820,83,368, Jay Bruce, Ryan Vogelsong,98.8
821,47,363, David Ortiz, Felix Hernandez,108.5
822,116,360, Brian Dozier, Ernesto Frieri,99.6
823,142,354, Paul Goldschmidt, Jerome Williams,100.5
824,90,352, David Freese, Zach Britton,95.1
825,71,347, Mike Trout, Darren O'Day,97.3
826,97,344, Brad Miller, Rick Porcello,94.0
827,81,474, Giancarlo Stanton, Cody Martin,116.1
828,115,441, Anthony Rizzo, Jeff Locke,108.3
829,101,437, George Springer, R.A. Dickey,106.3
830,67,428, Adrian Beltre, Bruce Chen,108.9
831,91,427, Prince Fielder, Bruce Chen,106.4
832,108,425, Ryan Braun, Bartolo Colon,109.0
833,88,425, Gerardo Parra, Bartolo Colon,106.1
834,102,417, Buster Posey, Jason Marquis,108.7
835,119,417, Seth Smith, Clay Buchholz,103.1
836,96,416, Josh Harrison, Jason Motte,101.8
837,106,415, Jose Altuve, R.A. Dickey,102.2
838,109,414, Yoenis Cespedes, Carlos Martinez,102.1
839,107,413, Pedro Alvarez, Kyle Hendricks,103.0
840,93,413, Miguel Cabrera, Mitch Harris,101.2
841,105,399, Brett Hayes, Kyuji Fujikawa,102.6
842,70,398, Jhonny Peralta, Angel Nesbitt,107.5
843,132,396, Josh Phegley, Carlos Rodon,101.7
844,143,392, Giancarlo Stanton, Julio Teheran,105.0
845,81,390, Brian Dozier, Jake Odorizzi,100.7
846,122,390, Luis Valbuena, Ryan Tepera,103.7
847,90,389, Andrew McCutchen, Pedro Strop,97.1
848,97,384, Jason Heyward, Tom Gorzelanny,99.5
849,64,383, Kris Bryant, Jeff Locke,101.7
850,69,383, J.J. Hardy, Jered Weaver,100.8
851,68,381, Jimmy Rollins, Eddie Butler,104.0
852,147,379, Brandon Belt, Jason Marquis,106.7
853,77,378, Ryan Braun, Carlos Torres,97.0
854,111,372, Albert Pujols, Wei-Yin Chen,98.9
855,103,371, Bryce Harper, Shawn Kelley,97.6
856,82,368, David DeJesus, Phil Hughes,97.8
857,97,355, Zack Cozart, Madison Bumgarner,94.8
858,74,355, Billy Hamilton, Madison Bumgarner,97.0
859,154,349, J.D. Martinez, Mitch Harris,102.7
860,83,436, Carlos Gonzalez, Yimi Garcia,111.8
861,74,427, Eric Hosmer, Sam Freeman,107.5
862,87,424, Jose Bautista, Roberto Hernandez,108.9
863,84,422, Rene Rivera, Esmil Rogers,104.5
864,88,419, Edwin Encarnacion, Roberto Hernandez,110.4
865,93,416, Miguel Cabrera, Brian Duensing,107.8
866,87,411, Derek Norris, Doug Fister,102.2
867,84,407, Cory Spangenberg, Doug Fister,101.6
868,102,405, Alex Rodriguez, Matt Andriese,102.1
869,91,398, Matt Carpenter, Marc Rzepczynski,99.5
870,83,393, Wilmer Flores, Travis Wood,99.6
871,75,393, Shane Victorino, Roenis Elias,103.7
872,68,390, Anthony Recker, Travis Wood,106.9
873,60,390, Marlon Byrd, Sergio Romo,107.1
874,91,388, Bryan Holaday, J.R. Graham,104.7
875,98,386, Wilin Rosario, Brett Anderson,99.3
876,57,375, Anthony Recker, Travis Wood,105.2
877,55,374, Nick Castellanos, Mike Pelfrey,104.5
878,103,367, Dexter Fowler, Jonathon Niese,99.3
879,88,366, Michael Brantley, Michael Wacha,98.4
880,71,364, Cory Spangenberg, Blake Treinen,97.9
881,97,360, Ryan Howard, Radhames Liz,96.5
882,88,358, Miguel Cabrera, J.R. Graham,95.1
883,112,449, Prince Fielder, Yordano Ventura,108.2
884,72,444, Michael Taylor, Addison Reed,111.0
885,102,440, Jayson Werth, Jeremy Hellickson,106.7
886,103,431, Joc Pederson, Jarred Cosart,105.0
887,92,429, Steven Souza Jr., Adam Warren,105.3
888,69,429, Avisail Garcia, Jimmy Nelson,109.4
889,96,428, Todd Frazier, Eric Stults,104.3
890,64,425, Jason Castro, Tim Hudson,110.6
891,79,423, Adam LaRoche, Jimmy Nelson,106.0
892,91,422, Brad Miller, James Shields,104.9
893,60,420, George Springer, Jeremy Affeldt,110.6
894,126,403, Carlos Gomez, David Robertson,105.4
895,63,403, Enrique Hernandez, Jarred Cosart,111.5
896,101,400, Luis Valbuena, Tim Hudson,100.2
897,110,388, Buster Posey, Samuel Deduno,101.6
898,144,388, Will Middlebrooks, Taijuan Walker,106.2
899,81,384, Shin-Soo Choo, Yordano Ventura,101.9
900,63,376, Tyler Moore, Randall Delgado,105.9
901,129,363, Torii Hunter, Kyle Lobstein,102.0
902,87,353, Marlon Byrd, Eric Stults,94.9
903,108,351, Rey Navarro, Brett Cecil,97.6
904,118,467, Giancarlo Stanton, Mike Bolsinger,114.9
905,111,442, Mike Zunino, Shawn Kelley,107.4
906,90,441, Mike Moustakas, Alexander Claudio,109.2
907,105,441, Mark Trumbo, Stephen Strasburg,110.6
908,80,435, Josh Donaldson, T.J. Mcfarland,107.2
909,118,429, Eric Hosmer, Nick Martinez,107.1
910,56,421, Mark Trumbo, Sammy Solis,116.2
911,80,420, Andre Ethier, Dan Haren,103.9
912,104,419, Edwin Encarnacion, Chris Tillman,105.3
913,124,403, Nelson Cruz, Frank Garces,102.9
914,76,401, Andrew McCutchen, Luis Garcia,101.9
915,84,398, Edwin Encarnacion, Tommy Hunter,105.4
916,78,396, Bryce Harper, Rubby de la Rosa,101.2
917,115,394, Josh Reddick, Justin Masterson,102.4
918,124,392, Mike Zunino, Frank Garces,103.9
919,99,391, Logan Morrison, Ian Kennedy,98.5
920,61,391, Justin Ruggiano, Frank Garces,107.6
921,122,390, Kris Bryant, Hansel Robles,103.0
922,102,386, Howard Kendrick, Dan Haren,98.8
923,81,386, Marcus Semien, Steven Wright,102.2
924,77,385, Elian Herrera, Chris Sale,98.8
925,118,385, Ender Inciarte, Stephen Strasburg,98.6
926,58,383, Shin-Soo Choo, Edinson Volquez,110.0
927,77,383, Chris Coghlan, Noah Syndergaard,100.4
928,62,382, Kyle Seager, Ian Kennedy,104.8
929,102,372, Todd Frazier, Mike Foltynewicz,97.6
930,52,368, J.D. Martinez, Kyle Gibson,106.6
931,107,362, Josh Harrison, Sean O'Sullivan,96.9
932,93,361, Matt Holliday, Scott Atchison,95.7
933,100,360, Jason Castro, Chris Heston,95.1
934,62,359, Stephen Vogt, Justin Masterson,101.5
935,82,354, Alex Gordon, Stolmy Pimentel,96.8
936,124,439, Khris Davis, Zach Duke,110.8
937,117,436, Marcell Ozuna, Zack Greinke,105.3
938,113,428, Ryan Zimmerman, Josh Collmenter,104.4
939,72,428, Tommy Field, Yohan Pino,108.5
940,71,427, Lucas Duda, Jon Lester,107.2
941,102,425, Alex Rodriguez, Alex Colome,107.3
942,83,425, Prince Fielder, Franklin Morales,105.0
943,85,424, Kris Bryant, Jacob Degrom,105.7
944,96,421, Carlos Gomez, Jeff Samardzija,103.5
945,79,421, Brett Gardner, Alex Colome,105.2
946,109,420, Scott Van Slyke, Steve Cishek,102.4
947,76,419, Denard Span, Josh Collmenter,109.1
948,88,413, Chris Davis, Marco Estrada,105.4
949,71,413, Geovany Soto, Wily Peralta,105.9
950,83,404, Andrelton Simmons, Mike Leake,101.5
951,61,403, Starling Marte, Jerome Williams,106.5
952,101,400, Elian Herrera, Zach Duke,103.5
953,57,395, Logan Forsythe, CC Sabathia,109.6
954,70,394, Anthony Rizzo, Jacob Degrom,104.3
955,66,387, Christian Yelich, Yimi Garcia,103.8
956,121,385, Adam Jones, Steve Delabar,103.0
957,72,382, Adrian Beltre, Danny Duffy,100.7
958,72,380, Odubel Herrera, Mark Melancon,99.9
959,96,376, Joey Butler, CC Sabathia,97.2
960,66,372, Carlos Beltran, Alex Colome,102.0
961,85,371, Wilmer Flores, Jon Lester,99.5
962,56,370, Manny Machado, Marco Estrada,103.4
963,93,370, Mark Teixeira, Erasmo Ramirez,97.3
964,58,364, Chase Headley, Alex Colome,103.5
965,53,364, Pablo Sandoval, Angel Castro,106.5
966,85,362, Jordan Pacheco, Max Scherzer,97.6
967,119,425, Mike Napoli, R.A. Dickey,105.1
968,99,425, Curtis Granderson, Chad Billingsley,106.0
969,84,425, Justin Turner, Scott Oberg,105.2
970,88,419, Adrian Beltre, Jake Odorizzi,103.3
971,76,405, Pablo Sandoval, R.A. Dickey,104.4
972,77,400, Marcus Semien, Felix Hernandez,105.5
973,78,395, Martin Maldonado, Zac Rosscup,105.8
974,85,394, Miguel Montero, Matt Garza,100.2
975,67,390, Jung Ho Kang, Tyler Lyons,106.4
976,104,380, Elian Herrera, Zac Rosscup,98.2
977,121,379, Marcus Semien, Felix Hernandez,98.5
978,70,376, A.J. Pollock, Andrew Cashner,100.7
979,61,376, Kolten Wong, Jeff Locke,104.3
980,79,375, Aaron Hill, Andrew Cashner,99.1
981,59,374, Lonnie Chisenhall, Trevor May,105.5
982,62,365, Carlos Beltran, Bud Norris,101.7
983,105,362, Brian McCann, Brian Matusz,98.2
984,80,361, J.J. Hardy, Michael Pineda,97.8
985,133,360, Stephen Vogt, Fernando Rodney,99.6
986,61,346, Chad Billingsley, Bartolo Colon,98.6
987,141,340, Brian Dozier, Danny Salazar,99.1
988,103,435, Jose Abreu, Johnny Cueto,108.2
989,107,428, Colby Rasmus, Matt Shoemaker,104.2
990,107,428, Mike Trout, Dallas Keuchel,103.3
991,76,425, Evan Longoria, Ross Detwiler,106.2
992,91,424, Marcell Ozuna, Madison Bumgarner,104.8
993,101,423, Jose Lobaton, Julio Teheran,108.2
994,91,423, Carlos Peguero, Matt Andriese,103.8
995,95,420, David Murphy, Phil Hughes,102.3
996,80,420, Bryce Harper, Cody Martin,104.6
997,78,419, Gerardo Parra, Travis Wood,104.4
998,57,414, Avisail Garcia, Jason Marquis,113.8
999,73,412, Edwin Encarnacion, Joe Kelly,111.3
1000,115,409, Asdrubal Cabrera, Spencer Patton,107.3
1001,76,402, Torii Hunter, Bruce Chen,104.3
1002,80,402, Juan Lagares, Aaron Harang,104.4
1003,58,401, Justin Upton, Randall Delgado,109.4
1004,67,399, Jason Rogers, Phil Coke,103.9
1005,68,396, Jean Segura, Travis Wood,104.4
1006,109,396, Chris Carter, Matt Shoemaker,99.5
1007,79,396, Mark Canha, Danny Farquhar,106.0
1008,133,389, Kris Bryant, Kyle Lohse,100.0
1009,86,386, Brian Dozier, Ryan Webb,100.0
1010,60,382, Alexei Ramirez, Johnny Cueto,105.6
1011,133,379, Alcides Escobar, Anibal Sanchez,97.1
1012,75,374, Neil Walker, Carlos Martinez,100.6
1013,103,373, Jose Altuve, Matt Shoemaker,97.7
1014,61,372, Gordon Beckham, Jason Marquis,105.4
1015,68,366, Jimmy Paredes, Chase Whitley,100.0
1016,56,365, Chris Davis, Chase Whitley,105.3
1017,66,365, Steven Souza Jr., Anthony Bass,102.1
1018,51,364, Ryan Zimmerman, Julio Teheran,106.7
1019,56,363, Marlon Byrd, Jake Petricka,103.9
1020,123,359, Alexei Ramirez, Jason Marquis,98.1
1021,64,346, Alejandro De Aza, Chase Whitley,97.5
1022,84,443, Paul Goldschmidt, James Shields,110.8
1023,107,436, Jhonny Peralta, Francisco Liriano,105.2
1024,111,434, Josh Donaldson, Wade Miley,110.3
1025,92,432, Logan Morrison, Dan Otero,105.8
1026,62,428, Matt Holliday, Francisco Liriano,112.4
1027,74,424, Casey McGehee, Jarred Cosart,105.1
1028,116,420, Salvador Perez, David Price,104.7
1029,106,419, Josh Reddick, Taijuan Walker,102.4
1030,70,418, Will Venable, Jeremy Hellickson,110.6
1031,112,416, Jorge Soler, Jimmy Nelson,102.0
1032,90,416, Khris Davis, Jason Hammel,103.0
1033,80,416, Starlin Castro, Brandon Kintzler,106.9
1034,96,414, Dexter Fowler, Jimmy Nelson,102.6
1035,82,412, Bryce Harper, Williams Perez,106.3
1036,57,412, Michael Brantley, Michael Tonkin,110.0
1037,61,410, A.J. Pollock, James Shields,109.0
1038,111,409, Jayson Werth, Eric Stults,105.5
1039,124,408, Anthony Rizzo, Jimmy Nelson,105.2
1040,96,406, Brandon Guyer, Alexander Claudio,101.7
1041,80,406, Chris Owings, James Shields,103.2
1042,95,406, David DeJesus, Yovani Gallardo,101.2
1043,78,400, Wil Myers, Jeremy Hellickson,107.4
1044,97,400, David Peralta, James Shields,102.5
1045,111,398, Kolten Wong, Arquimedes Caminero,102.6
1046,106,396, Bryce Harper, Eric Stults,98.9
1047,65,395, Chris Colabello, Wade Miley,106.5
1048,101,395, Ryan Howard, Matt Harvey,98.7
1049,88,391, Danny Espinosa, Brandon Cunniff,99.6
1050,109,391, Torii Hunter, Trevor Bauer,102.1
1051,83,388, Danny Espinosa, Trevor Cahill,99.8
1052,70,379, Adam Rosales, Nathan Karns,101.3
1053,91,363, Ryan Braun, Hector Rondon,98.1
1054,139,351, Brian McCann, Miguel Gonzalez,98.9
1055,60,429, Eric Hosmer, Corey Kluber,111.7
1056,74,425, Marcell Ozuna, Tim Hudson,110.1
1057,76,423, Alex Rodriguez, Chris Tillman,106.2
1058,117,421, Carlos Santana, Ryan Madson,102.0
1059,118,419, Alex Guerrero, Mike Fiers,104.6
1060,111,416, Ike Davis, Michael Tonkin,102.1
1061,103,416, Jimmy Paredes, Nathan Eovaldi,103.7
1062,80,415, Mike Trout, Collin Mchugh,103.2
1063,103,411, Adam Lind, Carlos Frias,104.7
1064,75,404, Mark Trumbo, Odrisamer Despaigne,108.1
1065,72,403, Yasmani Grandal, Rob Wooten,109.9
1066,85,378, Yasmani Grandal, Jonathan Broxton,97.3
1067,65,372, Todd Frazier, A.J. Burnett,103.4
1068,129,368, Caleb Joseph, Nathan Eovaldi,98.7
1069,77,363, Paul Goldschmidt, Odrisamer Despaigne,99.0
1070,61,350, Kevin Kiermaier, Shawn Tolleson,99.4
1071,92,443, Mike Trout, Roenis Elias,107.9
1072,103,441, Bryce Harper, Tom Koehler,110.8
1073,116,441, Jhonny Peralta, Jon Lester,107.3
1074,85,438, Paul Goldschmidt, Jordan Lyles,106.1
1075,114,436, Brandon Moss, Jason Frasor,104.8
1076,105,435, Drew Stubbs, Josh Collmenter,103.2
1077,98,431, Bryce Harper, Tom Koehler,109.3
1078,103,431, Justin Morneau, Josh Collmenter,102.8
1079,133,427, Giancarlo Stanton, Max Scherzer,109.0
1080,66,427, Chris Carter, Spencer Patton,111.8
1081,72,418, Eduardo Escobar, Scott Kazmir,107.7
1082,105,416, Evan Longoria, Alexi Ogando,106.3
1083,122,416, Joc Pederson, Wily Peralta,102.4
1084,97,415, Nick Hundley, Josh Collmenter,101.8
1085,114,415, Kennys Vargas, R.J. Alvarez,103.6
1086,120,414, Joc Pederson, Wily Peralta,101.9
1087,93,412, Andrelton Simmons, Jerome Williams,102.3
1088,88,412, Marlon Byrd, Gerrit Cole,102.0
1089,77,412, Mookie Betts, Kevin Jepsen,106.8
1090,96,411, Kendrys Morales, Carlos Carrasco,101.0
1091,80,410, Scooter Gennett, Joe Wieland,103.4
1092,82,410, Carlos Peguero, Samuel Deduno,104.1
1093,106,410, Anthony Rizzo, Lance Lynn,104.2
1094,96,407, Ryan Howard, Mike Foltynewicz,100.8
1095,69,405, Melky Cabrera, Joba Chamberlain,106.4
1096,106,404, Bryce Harper, Tom Koehler,102.7
1097,64,400, Evan Longoria, Justin Masterson,106.5
1098,86,395, Eddie Rosario, Scott Kazmir,101.7
1099,68,394, Mark Trumbo, Tyler Matzek,104.3
1100,110,394, Aaron Hill, Christian Bergman,100.5
1101,65,378, Russell Martin, CC Sabathia,103.0
1102,63,376, Conor Gillaspie, Alfredo Simon,104.1
1103,77,369, Kyle Seager, C.J. Wilson,100.0
1104,47,363, Curtis Granderson, Ubaldo Jimenez,110.7
1105,75,363, Victor Martinez, Chris Sale,98.4
1106,89,362, Dilson Herrera, Brad Brach,96.6
1107,76,362, Carlos Peguero, Will Harris,97.8
1108,141,361, Adam Lind, Joe Wieland,101.2
1109,116,339, Shin-Soo Choo, Samuel Deduno,93.1
1110,100,453, Adrian Gonzalez, Neal Cotts,108.9
1111,113,433, Kelly Johnson, Chad Billingsley,106.7
1112,111,433, Eric Hosmer, Danny Salazar,106.2
1113,96,433, Mark Teixeira, Marco Estrada,106.8
1114,120,433, Lonnie Chisenhall, Kelvin Herrera,112.3
1115,86,428, Marlon Byrd, Jeff Locke,106.7
1116,75,423, Albert Pujols, James Paxton,109.3
1117,106,415, Michael Brantley, Jason Vargas,109.3
1118,110,415, Kyle Blanks, Kevin Chapman,102.0
1119,62,411, Chris Davis, Jeurys Familia,108.9
1120,115,411, Justin Turner, Matt Garza,101.2
1121,79,408, Todd Frazier, Jeff Locke,102.9
1122,116,400, Luis Valbuena, Wandy Rodriguez,104.9
1123,89,399, Manny Machado, Bartolo Colon,100.7
1124,84,398, Mookie Betts, Drew Smyly,103.3
1125,67,388, Jimmy Rollins, Neal Cotts,105.0
1126,66,382, Joe Panik, Andrew Cashner,105.8
1127,62,380, Carlos Perez, Dominic Leone,105.6
1128,59,379, Matt Carpenter, Kyle Hendricks,108.4
1129,122,378, Mookie Betts, Ernesto Frieri,98.5
1130,79,371, Freddie Freeman, Chad Billingsley,99.8
1131,64,369, Starling Marte, Michael Lorenzen,102.3
1132,48,367, Carlos Peguero, Scott Feldman,108.8
1133,89,359, Russell Martin, David Carpenter,96.0
1134,97,340, Alex Avila, Jeff Samardzija,92.9
1135,62,439, Ian Desmond, Bryan Morris,113.3
1136,71,417, Anthony Rizzo, Carlos Martinez,105.3
1137,91,414, Matt Joyce, Felix Hernandez,103.3
1138,91,414, David Freese, Fernando Rodney,102.6
1139,84,413, Seth Smith, Matt Shoemaker,107.6
1140,72,406, Nelson Cruz, Matt Shoemaker,110.8
1141,105,401, Addison Russell, Seth Maness,102.6
1142,102,392, Logan Morrison, Matt Shoemaker,101.2
1143,74,391, Mark Reynolds, Travis Wood,102.1
1144,113,391, Mark Canha, Phil Hughes,102.6
1145,72,386, Torii Hunter, R.J. Alvarez,106.5
1146,68,385, Joey Butler, Clay Buchholz,102.6
1147,118,383, Hector Gomez, Clayton Kershaw,98.3
1148,66,380, Joc Pederson, Kyle Lohse,102.9
1149,96,370, Justin Bour, Jordan Zimmermann,97.5
1150,111,368, Stephen Vogt, Phil Hughes,98.2
1151,90,444, Jedd Gyorko, Brooks Brown,108.0
1152,93,440, Josh Reddick, Roman Mendez,107.3
1153,91,439, Kolten Wong, Radhames Liz,111.1
1154,103,429, Russell Martin, Cody Allen,105.1
1155,90,427, Kelly Johnson, Johnny Cueto,105.0
1156,66,426, Kennys Vargas, Zach Putnam,108.8
1157,120,425, Jung Ho Kang, Trevor Rosenthal,101.8
1158,88,424, Yasmani Grandal, Evan Marshall,103.7
1159,79,423, Pedro Alvarez, Samuel Tuivailala,107.8
1160,80,420, Miguel Cabrera, Jeremy Guthrie,106.0
1161,107,413, Devon Travis, Trevor Bauer,101.1
1162,74,413, Matt Carpenter, Vance Worley,103.1
1163,73,409, Nolan Arenado, James Shields,109.2
1164,87,408, Mark Teixeira, Joe Kelly,103.0
1165,61,407, Trevor Plouffe, John Danks,108.8
1166,104,407, Nolan Arenado, James Shields,103.3
1167,81,404, Jason Kipnis, Drew Hutchison,101.7
1168,93,400, Chris Carter, J.A. Happ,103.3
1169,92,398, Justin Upton, Kyle Kendrick,100.3
1170,72,396, Aramis Ramirez, Jason Hammel,101.5
1171,70,393, Jonny Gomes, Johnny Cueto,104.8
1172,87,390, Joe Panik, Jered Weaver,101.3
1173,83,389, Derek Norris, Kyle Kendrick,102.6
1174,77,389, Brett Gardner, Craig Breslow,101.1
1175,73,386, Charlie Blackmon, Craig Kimbrel,104.4
1176,74,384, Stephen Vogt, Yovani Gallardo,101.1
1177,57,376, Stephen Vogt, Alexander Claudio,106.2
1178,47,368, Evan Gattis, Carson Smith,109.2
1179,126,365, Mike Napoli, Esmil Rogers,96.4
1180,59,363, Evan Gattis, J.A. Happ,102.8
1181,57,360, James Loney, Wei-Yin Chen,102.2
1182,99,348, Charlie Blackmon, James Shields,93.6
1183,110,335, Norichika Aoki, Jered Weaver,91.7
1184,97,450, Joc Pederson, Evan Marshall,108.7
1185,86,437, Lorenzo Cain, David Price,113.4
1186,120,430, Paul Goldschmidt, Scott Baker,103.1
1187,90,427, Albert Pujols, Tim Hudson,105.5
1188,76,426, Ryan Braun, Jake Arrieta,105.7
1189,84,424, Logan Morrison, Collin McHugh,106.7
1190,79,420, Brandon Crawford, Hector Santiago,105.1
1191,84,419, Justin Turner, Jeremy Hellickson,103.3
1192,117,418, Nelson Cruz, Collin McHugh,104.5
1193,72,416, Anthony Rizzo, Mike Fiers,104.6
1194,84,415, Todd Frazier, Eric Stults,106.5
1195,75,415, Charlie Blackmon, Brandon Morrow,104.2
1196,95,410, Jose Altuve, Taijuan Walker,100.7
1197,93,408, Caleb Joseph, Chris Archer,105.5
1198,103,405, Marlon Byrd, Eric Stults,101.0
1199,122,403, Trevor Plouffe, Hector Noesi,101.1
1200,62,403, Mike Trout, Tim Hudson,106.9
1201,68,400, Aaron Hill, Scott Baker,105.5
1202,109,395, Martin Prado, Cole Hamels,104.0
1203,80,393, Russell Martin, Corey Kluber,100.7
1204,122,393, Kyle Blanks, Drew Pomeranz,104.8
1205,62,385, Buster Posey, Vinnie Pestano,105.2
1206,73,383, Cameron Maybin, Jason Marquis,102.7
1207,99,380, Evan Gattis, Taijuan Walker,98.8
1208,101,378, Nelson Cruz, Collin McHugh,96.5
1209,98,378, Zack Cozart, Donnie Veal,98.6
1210,95,377, Dustin Pedroia, Nathan Eovaldi,100.3
1211,127,377, Colby Rasmus, Taijuan Walker,99.1
1212,101,376, Josh Reddick, Anthony Bass,99.2
1213,72,374, Torii Hunter, Hector Noesi,101.4
1214,119,372, Shin-Soo Choo, Fernando Abad,98.9
1215,90,357, Hank Conger, Tyler Olson,92.2
1216,95,356, Chris Young, Alexi Ogando,94.3
1217,87,346, Mike Zunino, Collin McHugh,94.5
1218,108,331, Luis Valbuena, Yoervis Medina,91.1
1219,93,446, Joc Pederson, Rubby De La Rosa,108.8
1220,119,442, Nelson Cruz, Luke Gregerson,107.1
1221,83,440, Prince Fielder, Scott Kazmir,108.1
1222,81,423, Mark Canha, Shawn Tolleson,105.7
1223,65,416, Michael Cuddyer, Max Scherzer,108.1
1224,122,406, Andre Ethier, Daniel Hudson,104.3
1225,86,405, Kelly Johnson, Anthony DeSclafani,106.2
1226,99,397, Addison Russell, Wily Peralta,99.7
1227,97,397, Justin Turner, Rubby De La Rosa,98.1
1228,84,396, Brett Hayes, Andrew Albers,104.5
1229,54,395, Michael Brantley, Mark Buehrle,108.4
1230,61,394, Jason Kipnis, Mark Buehrle,109.1
1231,93,392, George Springer, Tyler Olson,102.2
1232,87,388, Kyle Blanks, Scott Kazmir,104.1
1233,106,384, Drew Stubbs, Ian Kennedy,100.0
1234,97,374, Chase Utley, Tom Koehler,98.7
1235,60,373, Logan Morrison, Luke Gregerson,103.8
1236,55,369, Jake Marisnick, Roenis Elias,104.4
1237,89,366, Nolan Arenado, Ian Kennedy,97.2
1238,55,359, Evan Gattis, Roenis Elias,102.1
1239,142,352, Josh Donaldson, Carlos Carrasco,100.1
1240,125,326, Allen Craig, CC Sabathia,95.6
1241,101,423, Eric Hosmer, Alfredo Simon,102.8
1242,105,415, Matt Adams, David Buchanan,104.2
1243,76,413, Mark Canha, Mike Morin,107.7
1244,81,411, Billy Hamilton, Ian Thomas,104.2
1245,77,407, Mike Leake, Shelby Miller,103.1
1246,89,406, Darin Ruf, Tim Cooney,102.3
1247,120,403, Todd Frazier, Donnie Veal,103.0
1248,71,384, Brian Dozier, Chris Sale,102.2
1249,92,375, Tucker Barnhart, Shelby Miller,99.1
1250,101,447, Nelson Cruz, Wandy Rodriguez,113.7
1251,108,446, Miguel Cabrera, Tim Stauffer,109.5
1252,89,438, Mike Trout, Jesse Hahn,112.6
1253,82,431, Ryan Braun, Michael Lorenzen,108.3
1254,75,430, Miguel Cabrera, Casey Fien,108.2
1255,76,430, Colby Rasmus, Andrew Cashner,111.9
1256,79,423, Khris Davis, Michael Lorenzen,105.4
1257,85,423, Adrian Gonzalez, Ryan Vogelsong,105.5
1258,99,421, Ryan Braun, Jumbo Diaz,103.5
1259,90,417, Jay Bruce, Jeremy Jeffress,102.1
1260,72,417, Eric Hosmer, Danny Salazar,106.2
1261,67,415, Adam Lind, Michael Lorenzen,106.3
1262,104,414, Chris Davis, Jeff Samardzija,109.0
1263,116,411, Michael Cuddyer, Mat Latos,103.8
1264,83,410, Andre Ethier, Ryan Vogelsong,101.4
1265,104,409, James McCann, Aaron Thompson,100.8
1266,103,408, Jason Kipnis, Yordano Ventura,102.0
1267,109,408, Giancarlo Stanton, Bartolo Colon,106.9
1268,89,407, Chris (H) Young, Drew Smyly,103.8
1269,53,407, Joc Pederson, Ryan Vogelsong,111.4
1270,80,406, Hanley Ramirez, R.A. Dickey,106.0
1271,81,400, Manny Machado, Jeff Samardzija,101.3
1272,99,399, Tucker Barnhart, Matt Garza,100.9
1273,63,397, Roberto Perez, Ryan Madson,109.2
1274,101,391, Jordan Pacheco, Jordan Lyles,98.5
1275,78,390, Chase Headley, Drew Smyly,103.1
1276,61,390, Trevor Plouffe, Shane Greene,105.5
1277,69,389, Jimmy Rollins, Ryan Vogelsong,103.8
1278,60,385, Brandon Crawford, Zack Greinke,105.3
1279,88,383, Denard Span, John Cornely,100.2
1280,131,382, Todd Frazier, Matt Garza,99.8
1281,130,382, Oswaldo Arcia, Shane Greene,103.4
1282,89,372, Ryan Howard, Carlos Martinez,96.9
1283,63,365, J.D. Martinez, Tim Stauffer,101.6
1284,91,360, Ichiro Suzuki, Alex Torres,97.1
1285,105,451, Mark Trumbo, Kyle Kendrick,108.6
1286,82,444, Aramis Ramirez, Johnny Cueto,114.4
1287,96,442, Alex Gordon, Trevor Bauer,114.3
1288,82,442, Wil Myers, Roberto Hernandez,110.2
1289,117,438, Dan Uggla, Jason Grilli,108.6
1290,99,427, Brett Lawrie, Jered Weaver,109.3
1291,95,418, Jose Bautista, Craig Breslow,110.4
1292,94,416, Kendrys Morales, Bryan Shaw,103.6
1293,96,415, Josh Donaldson, Junichi Tazawa,101.8
1294,89,413, Brandon Phillips, Kyle Lohse,102.1
1295,90,413, Josh Reddick, Jered Weaver,105.4
1296,79,411, David Peralta, Kyle Kendrick,107.6
1297,83,408, Jose Lobaton, Julio Teheran,102.1
1298,67,408, Rickie Weeks, Ross Detwiler,108.7
1299,66,407, Buster Posey, Clayton Kershaw,105.1
1300,129,406, Evan Gattis, Tyson Ross,101.6
1301,66,405, Ryan Braun, Johnny Cueto,108.6
1302,82,403, George Springer, Odrisamer Despaigne,107.4
1303,118,402, Brandon Moss, Brandon Finnegan,102.4
1304,65,389, Joey Votto, Kyle Lohse,103.0
1305,77,386, Marlon Byrd, Kyle Lohse,101.1
1306,67,376, Denard Span, Julio Teheran,103.3
1307,63,374, Starling Marte, Travis Wood,103.5
1308,47,368, Chris Carter, Odrisamer Despaigne,109.9
1309,47,367, Justin Upton, Roberto Hernandez,110.3
1310,61,346, Hanley Ramirez, Aaron Loup,98.8
1311,80,423, Daniel Murphy, Steve Cishek,107.4
1312,59,415, Yoenis Cespedes, Tommy Milone,111.9
1313,88,415, Justin Turner, Yusmeiro Petit,102.2
1314,72,405, Joc Pederson, George Kontos,102.9
1315,93,398, Devon Travis, Joe Kelly,101.2
1316,138,398, Kelly Johnson, Doug Fister,105.5
1317,83,393, Jason Castro, Brandon Maurer,100.7
1318,45,391, Pablo Sandoval, Aaron Sanchez,117.5
1319,90,382, Justin Morneau, Chase Anderson,97.1
1320,86,377, Colby Rasmus, Cory Mazzoni,99.1
1321,57,371, Jose Iglesias, Tommy Milone,104.4
1322,113,371, Brian McCann, Brandon Gomes,99.7
1323,63,369, Mike Aviles, Jason Vargas,103.4
1324,136,367, Jay Bruce, Jimmy Nelson,99.2
1325,124,363, Jed Lowrie, James Shields,99.9
1326,64,441, Hanley Ramirez, Jason Garcia,116.8
1327,88,438, Mark Reynolds, Mike Fiers,111.5
1328,117,423, Chris Davis, Heath Hembree,105.0
1329,93,414, Brandon Guyer, Mark Buehrle,102.7
1330,132,408, Adam Lind, Lance Lynn,103.1
1331,100,408, Seth Smith, Kyle Gibson,104.1
1332,82,401, Alexi Amarista, Scott Baker,104.3
1333,74,401, Jake Marisnick, Drew Pomeranz,104.8
1334,85,399, Mike Trout, Anthony Bass,100.2
1335,72,396, Alex Guerrero, Brandon Morrow,103.2
1336,99,394, Curtis Granderson, Nathan Eovaldi,100.2
1337,64,391, Ryan Howard, Trevor Cahill,104.5
1338,88,387, Miguel Montero, Anthony DeSclafani,100.4
1339,91,382, Alex Rodriguez, Jonathon Niese,97.5
1340,96,379, Hanley Ramirez, Jason Garcia,100.9
1341,90,379, Leonys Martin, Jose Alvarez,97.5
1342,115,372, Pablo Sandoval, Bud Norris,101.6
1343,76,370, Alberto Callaspo, Jonathan Papelbon,98.7
1344,105,370, David Murphy, Joakim Soria,96.8
1345,96,368, Bryce Harper, Dan Haren,97.2
1346,124,368, Alex Gordon, John Danks,94.8
1347,68,365, Todd Frazier, Jake Arrieta,101.9
1348,85,359, Derek Norris, Scott Baker,98.0
1349,76,355, Miguel Cabrera, Scott Atchison,95.5
1350,96,429, Carlos Gonzalez, Tim Hudson,103.2
1351,91,421, Troy Tulowitzki, Tim Hudson,108.8
1352,57,421, Ryan Howard, Shelby Miller,112.0
1353,120,419, Giancarlo Stanton, Rafael Martin,105.9
1354,99,414, Austin Jackson, Aaron Thompson,105.0
1355,89,413, Justin Upton, Brandon McCarthy,101.6
1356,80,412, Wil Myers, Brandon McCarthy,103.4
1357,65,411, Andrelton Simmons, David Buchanan,109.2
1358,97,408, Howard Kendrick, Ian Kennedy,100.2
1359,68,406, Matt Holliday, Jeremy Jeffress,105.0
1360,54,406, George Springer, Chris Bassitt,110.3
1361,97,405, Russell Martin, Steven Geltz,101.1
1362,110,399, Eduardo Escobar, James Paxton,102.0
1363,85,393, Adeiny Hechavarria, Rafael Martin,104.5
1364,68,388, Mark Teixeira, Matt Harvey,103.5
1365,54,385, Andrew Susac, Jorge De La Rosa,111.2
1366,119,383, Andre Ethier, Ian Kennedy,98.8
1367,94,382, Xander Bogaerts, Brad Brach,97.7
1368,66,382, Eric Campbell, CC Sabathia,101.2
1369,75,381, David Lough, Koji Uehara,102.6
1370,52,380, Kevin Plawecki, CC Sabathia,111.1
1371,66,377, Justin Maxwell, Scott Oberg,102.3
1372,49,369, Lucas Duda, CC Sabathia,107.8
1373,99,367, Jose Altuve, Kendall Graveman,98.0
1374,114,366, Jimmy Paredes, Justin Masterson,95.6
1375,101,360, Justin Upton, Brandon McCarthy,93.4
1376,118,345, Adrian Gonzalez, Ian Kennedy,94.2
1377,58,339, Juan Uribe, Chris Rearick,95.6
1378,119,338, Mike Napoli, Wei-Yin Chen,96.3
1379,70,447, Justin Maxwell, Eddie Butler,115.5
1380,80,442, Nelson Cruz, Phil Hughes,116.2
1381,112,424, Nick Castellanos, Danny Salazar,105.4
1382,66,424, Charlie Blackmon, Chris Heston,107.7
1383,69,421, Rene Rivera, R.A. Dickey,107.0
1384,74,419, Carl Crawford, Andrew Cashner,110.1
1385,69,415, Logan Morrison, Phil Hughes,107.8
1386,122,411, Chris Davis, Junichi Tazawa,104.4
1387,80,407, David Freese, Keone Kela,102.9
1388,91,396, Tim Beckham, Jeff Francis,100.3
1389,70,395, Anthony Rizzo, Mike Leake,103.7
1390,138,392, Brandon Moss, Al Alburquerque,103.7
1391,60,391, Jimmy Paredes, Rick Porcello,108.8
1392,78,389, Jason Heyward, Matt Garza,100.2
1393,133,381, Jhonny Peralta, Matt Garza,102.3
1394,134,380, Devon Travis, Drew Smyly,104.9
1395,71,380, James Loney, R.A. Dickey,104.7
1396,76,379, Brandon Moss, Alex Wilson,103.5
1397,123,377, David Ortiz, Miguel Gonzalez,98.9
1398,113,375, Mark Teixeira, Jacob deGrom,101.5
1399,105,369, Hanley Ramirez, Miguel Gonzalez,99.4
1400,106,365, Marcus Semien, Pat Neshek,97.8
1401,94,364, Justin Smoak, Matt Andriese,97.4
1402,129,361, Mark Teixeira, Jacob deGrom,99.2
1403,102,361, Lonnie Chisenhall, Al Alburquerque,98.2
1404,49,358, Jacoby Ellsbury, Jacob deGrom,105.5
1405,96,357, Chris Coghlan, Mike Leake,96.4
1406,130,354, Brock Holt, Darren O'Day,99.2
1407,85,469, Josh Donaldson, Chris Tillman,120.5
1408,100,432, Sean Rodriguez, Kyle Hendricks,104.0
1409,95,422, Manny Machado, Miguel Castro,110.1
1410,63,417, Alex Guerrero, Ryan Vogelsong,108.6
1411,80,412, Adrian Gonzalez, Ryan Vogelsong,102.5
1412,114,412, Corey Dickerson, Tyson Ross,99.2
1413,122,407, Marlon Byrd, Kyle Lohse,101.5
1414,72,399, Aramis Ramirez, Homer Bailey,105.3
1415,77,392, Kole Calhoun, Jesse Chavez,100.9
1416,66,391, Adam Lind, Homer Bailey,102.7
1417,57,388, Manny Machado, Drew Hutchison,111.3
1418,46,369, Giancarlo Stanton, Justin De Fratus,113.6
1419,90,445, David Ortiz, Nathan Karns,110.9
1420,69,443, Steven Souza Jr., Joe Kelly,115.2
1421,85,440, Corey Dickerson, James Shields,106.2
1422,83,437, Wil Myers, Kyle Kendrick,105.9
1423,81,429, Devon Travis, Ubaldo Jimenez,106.3
1424,81,429, Corey Dickerson, Joaquin Benoit,105.9
1425,89,420, Matt Adams, Rafael Martin,107.0
1426,100,417, Alex Guerrero, Madison Bumgarner,104.8
1427,73,414, Chris Carter, J.A. Happ,105.0
1428,82,407, Matt Carpenter, Doug Fister,107.6
1429,90,406, Jose Abreu, Corey Kluber,101.8
1430,84,406, Chris Owings, Yovani Gallardo,102.4
1431,69,405, Jimmy Paredes, Aaron Sanchez,105.4
1432,80,405, Jake Elmore, Edward Mujica,103.0
1433,104,402, Billy Butler, Vinnie Pestano,99.8
1434,89,400, Kolten Wong, Doug Fister,101.3
1435,58,397, Justin Smoak, Ubaldo Jimenez,108.7
1436,69,390, Dustin Pedroia, Nathan Karns,105.1
1437,74,386, Cody Asche, Jarred Cosart,103.7
1438,90,384, Mike Zunino, Roberto Hernandez,103.7
1439,58,382, Gregory Polanco, Jason Hammel,108.6
1440,121,382, Mark Teixeira, Al Alburquerque,99.6
1441,59,380, Adrian Beltre, Andrew Chafin,106.9
1442,108,370, Yangervis Solarte, Kyle Kendrick,96.8
1443,75,370, Wilmer Flores, Cody Martin,98.9
1444,108,463, Edwin Encarnacion, Brian Matusz,117.9
1445,86,454, Giancarlo Stanton, Jerome Williams,112.8
1446,75,427, Starling Marte, Travis Wood,107.8
1447,109,426, Todd Frazier, Mike Fiers,106.5
1448,69,425, Edwin Encarnacion, Bud Norris,107.8
1449,64,425, Joey Votto, Tyler Thornburg,110.2
1450,73,417, Carlos Santana, Hector Noesi,109.2
1451,102,416, Jay Bruce, Mike Fiers,104.4
1452,88,414, Jose Abreu, Carlos Carrasco,99.0
1453,97,412, Ryan Howard, Dan Haren,102.0
1454,61,412, Jose Bautista, Jason Garcia,112.6
1455,82,411, Justin Maxwell, Pedro Baez,108.8
1456,87,410, Starlin Castro, Radhames Liz,102.3
1457,73,409, Clint Barmes, Tyler Matzek,104.1
1458,85,408, Welington Castillo, Tony Watson,101.8
1459,78,401, Kole Calhoun, Fernando Abad,101.7
1460,71,398, Yunel Escobar, Carlos Villanueva,104.6
1461,107,397, David Murphy, Hector Noesi,100.6
1462,118,397, Billy Butler, Hector Santiago,99.7
1463,89,394, Prince Fielder, Daniel Hudson,100.8
1464,75,390, Josh Harrison, Travis Wood,101.6
1465,57,389, Martin Maldonado, Jason Marquis,107.5
1466,80,387, Zack Cozart, Tyler Thornburg,101.9
1467,86,383, Nick Hundley, Craig Kimbrel,97.6
1468,91,382, Johnny Giavotella, Drew Pomeranz,100.3
1469,82,380, Zack Cozart, Neal Cotts,100.1
1470,67,376, Cameron Maybin, Jonathon Niese,101.9
1471,122,373, Mike Moustakas, Tommy Milone,100.2
1472,76,368, Elian Herrera, Burke Badenhop,101.0
1473,120,366, Alex Gordon, Tommy Milone,99.6
1474,65,363, Stephen Drew, Ian Krol,102.1
1475,91,361, Chris Young, Ian Krol,96.3
1476,53,354, Freddy Galvis, Dan Haren,104.6
1477,74,430, Ryan Braun, Burke Badenhop,107.9
1478,90,424, Colby Rasmus, Hisashi Iwakuma,105.1
1479,81,416, Ryan Raburn, John Danks,106.1
1480,82,411, Starling Marte, Zac Rosscup,105.1
1481,83,406, Joey Votto, Wily Peralta,103.4
1482,85,405, Luis Valbuena, Danny Farquhar,103.0
1483,89,392, Luis Valbuena, Hisashi Iwakuma,101.1
1484,92,389, Zack Cozart, Wily Peralta,103.3
1485,91,388, Stephen Vogt, Matt Shoemaker,99.8
1486,144,381, Will Venable, LaTroy Hawkins,100.8
1487,82,371, Mark Teixeira, Alfredo Simon,97.4
1488,86,368, Marcus Semien, Matt Shoemaker,98.9
1489,122,365, Brett Hayes, John Danks,96.8
1490,71,423, Matt Carpenter, Mike Leake,106.5
1491,118,421, Pedro Alvarez, Matt Garza,104.2
1492,101,421, Joc Pederson, Scott Oberg,102.6
1493,100,416, Howard Kendrick, Scott Oberg,100.0
1494,78,410, Will Middlebrooks, Jon Lester,105.4
1495,56,408, Yoenis Cespedes, Jose Quintana,116.0
1496,82,406, Carlos Santana, J.R. Graham,104.1
1497,77,405, Hanley Ramirez, Miguel Gonzalez,106.2
1498,79,401, Ryan Flaherty, Rick Porcello,101.2
1499,80,390, Scott Van Slyke, Scott Oberg,104.1
1500,82,389, Jake Smolinski, James Paxton,100.3
1501,87,388, Adam Jones, Rick Porcello,102.8
1502,87,388, Nelson Cruz, Ross Detwiler,99.3
1503,87,386, Yoenis Cespedes, Jose Quintana,105.8
1504,121,377, Paul Goldschmidt, Tim Hudson,99.3
1505,128,376, Steven Souza Jr., Michael Pineda,99.2
1506,59,375, Austin Jackson, Ross Detwiler,103.8
1507,75,371, Torii Hunter, Anthony Swarzak,100.6
1508,118,366, Yangervis Solarte, Jason Motte,101.9
1509,146,357, Nelson Cruz, Ross Detwiler,100.8
1510,98,353, Luis Valbuena, Garrett Richards,93.5
1511,65,348, C.J. Cron, Scott Feldman,98.0
1512,122,330, Albert Pujols, Pat Neshek,94.7
1513,100,452, Bryce Harper, Aaron Harang,109.0
1514,91,437, Freddie Freeman, R.A. Dickey,108.1
1515,114,436, Roberto Perez, Phil Hughes,108.4
1516,111,435, Josh Reddick, Yordano Ventura,108.1
1517,93,424, Chris Young, Grant Balfour,107.8
1518,109,424, Mike Zunino, Colby Lewis,107.7
1519,87,419, Michael Morse, Carlos Torres,102.6
1520,91,418, Brandon Crawford, Rubby De La Rosa,105.3
1521,83,412, DJ LeMahieu, Zack Greinke,102.6
1522,114,411, Kelly Johnson, Miguel Castro,101.7
1523,70,408, Travis d'Arnaud, Mat Latos,109.5
1524,64,401, George Springer, C.J. Wilson,111.0
1525,112,399, Jason Heyward, Homer Bailey,100.8
1526,60,396, Jose Abreu, Anibal Sanchez,109.5
1527,121,396, Jose Bautista, Jim Johnson,104.6
1528,64,393, Starling Marte, Kyle Lohse,108.4
1529,77,392, David Peralta, Chris Heston,102.8
1530,63,389, Kurt Suzuki, Danny Salazar,106.4
1531,70,388, Zack Cozart, Carlos Martinez,102.8
1532,75,387, Matt Kemp, Kyle Hendricks,103.6
1533,74,387, Miguel Montero, Chris Rearick,102.7
1534,81,385, Miguel Montero, Tyson Ross,99.8
1535,67,381, Adam LaRoche, Anibal Sanchez,105.8
1536,126,377, Josh Donaldson, Sugar Ray Marimon,101.3
1537,97,375, J.D. Martinez, Chris Sale,97.8
1538,104,375, Wilmer Flores, Jose Urena,96.5
1539,58,366, Robbie Grossman, Mike Morin,105.0
1540,48,365, A.J. Pierzynski, R.A. Dickey,109.2
1541,107,344, Chris Davis, Robbie Ross,94.6
1542,97,477, Alex Rodriguez, Nathan Karns,115.3
1543,86,460, Starling Marte, Jonathan Broxton,115.3
1544,84,443, Russell Martin, Julio Teheran,109.2
1545,120,432, Yoenis Cespedes, Jeff Samardzija,112.8
1546,69,431, Jonny Gomes, Brett Cecil,110.2
1547,88,427, Devon Travis, Julio Teheran,104.9
1548,75,427, Howard Kendrick, Kyle Kendrick,111.0
1549,100,426, Logan Forsythe, Adam Warren,104.3
1550,126,426, Freddie Freeman, Brett Cecil,108.8
1551,87,421, Wil Myers, Brian Schlitter,104.3
1552,93,421, Stephen Vogt, Jeremy Guthrie,108.7
1553,65,416, Josh Donaldson, Julio Teheran,108.2
1554,89,412, Bryce Harper, Sean O'Sullivan,101.9
1555,89,409, Robinson Chirinos, J.A. Happ,101.6
1556,91,408, Joey Votto, Michael Wacha,102.9
1557,79,408, Danny Espinosa, Sean O'Sullivan,102.0
1558,103,407, Trevor Plouffe, Bryan Shaw,103.0
1559,77,406, Russell Martin, Jim Johnson,105.7
1560,68,397, Stephen Drew, Nathan Karns,105.1
1561,66,396, Mike Trout, Chad Qualls,106.2
1562,87,394, Brandon Moss, Tim Stauffer,99.7
1563,96,393, Avisail Garcia, David Price,100.4
1564,82,393, Ike Davis, Jeremy Guthrie,101.5
1565,63,389, Alex Rodriguez, Ernesto Frieri,109.7
1566,92,388, Giancarlo Stanton, Bartolo Colon,98.1
1567,94,380, Charlie Blackmon, Clayton Kershaw,98.1
1568,78,377, Will Middlebrooks, Jason Hammel,98.2
1569,72,375, Josh Donaldson, Julio Teheran,101.8
1570,82,373, Stephen Vogt, Jeremy Guthrie,99.9
1571,75,371, Allan Dykstra, Adam Warren,102.4
1572,75,363, Mike Trout, Roberto Hernandez,96.6
1573,48,362, Troy Tulowitzki, Clayton Kershaw,109.5
1574,85,356, Jason Castro, Jered Weaver,94.6
1575,119,351, Ryan Hanigan, Kevin Gausman,97.1
1576,87,317, Caleb Joseph, Joe Kelly,88.7
1577,95,419, Michael Taylor, Cole Hamels,103.3
1578,80,419, Mark Trumbo, Madison Bumgarner,110.5
1579,110,401, Wilmer Flores, Jarred Cosart,101.5
1580,66,400, Kennys Vargas, Jason Vargas,110.8
1581,103,400, Yunel Escobar, Cole Hamels,99.7
1582,94,400, Martin Prado, Dillon Gee,101.6
1583,72,395, Paul Goldschmidt, Madison Bumgarner,107.2
1584,94,390, Giancarlo Stanton, Dillon Gee,100.3
1585,94,384, Brandon Crawford, Oliver Perez,100.0
1586,91,379, Kurt Suzuki, Chris Young,97.6
1587,72,368, Lorenzo Cain, Tommy Milone,101.6
1588,58,359, Tim Beckham, Aaron Loup,103.5
1589,60,349, A.J. Pollock, Santiago Casilla,101.1
1590,75,436, Lucas Duda, Jerome Williams,110.4
1591,102,433, Alex Rodriguez, Bud Norris,109.4
1592,86,422, Mikie Mahtook, Mark Buehrle,105.4
1593,105,421, Michael Morse, Cody Martin,105.5
1594,71,421, Jonathan Schoop, David Carpenter,107.6
1595,106,421, Dalton Pompey, Ernesto Frieri,108.8
1596,97,421, Evan Gattis, R.J. Alvarez,102.8
1597,81,415, Adam Rosales, Adam Wilk,104.6
1598,109,412, Steven Souza Jr., Mark Buehrle,107.4
1599,92,411, Matt Duffy, Boone Logan,103.6
1600,107,406, Cameron Maybin, Dan Haren,101.5
1601,104,404, Nelson Cruz, Brett Anderson,99.1
1602,100,403, Nolan Arenado, Tim Lincecum,99.1
1603,72,400, Rajai Davis, Francisco Liriano,104.6
1604,126,398, Oswaldo Arcia, Edinson Volquez,101.5
1605,99,397, Tyler Moore, Robbie Ross,98.5
1606,121,394, Jed Lowrie, Drew Pomeranz,101.8
1607,89,392, Kelly Johnson, Dan Haren,101.1
1608,63,389, Justin Upton, Randall Delgado,105.4
1609,99,386, Paul Goldschmidt, Brandon Morrow,101.2
1610,74,385, Adeiny Hechavarria, Eric Stults,101.4
1611,70,385, Hanley Ramirez, Gio Gonzalez,106.3
1612,84,380, Ian Desmond, Wade Miley,101.8
1613,87,376, Manny Machado, Nathan Eovaldi,101.4
1614,131,369, Jose Bautista, Erasmo Ramirez,100.1
1615,86,369, Devon Travis, Jeff Beliveau,97.8
1616,73,365, Carlos Corporan, Hector Santiago,98.3
1617,123,364, Anthony Rizzo, Jason Marquis,99.0
1618,59,354, Travis d'Arnaud, Jerome Williams,102.1
1619,110,340, Luis Valbuena, Evan Scribner,91.4
1620,130,463, Steven Souza Jr., Daniel Norris,110.8
1621,110,422, Robinson Chirinos, Jose Alvarez,102.9
1622,74,411, Justin Upton, Jeremy Hellickson,108.9
1623,87,398, Cody Asche, Matt Harvey,104.3
1624,76,398, Freddie Freeman, Tom Koehler,103.3
1625,55,397, Daniel Murphy, Dustin McGowan,108.9
1626,117,393, Robinson Cano, David Huff,98.9
1627,68,390, Jose Abreu, Nick Hagadone,106.8
1628,83,390, Alex Guerrero, Hisashi Iwakuma,99.6
1629,85,385, Adam Jones, CC Sabathia,103.0
1630,81,385, Chase Utley, Sean Gilmartin,99.7
1631,85,383, Jeff Francoeur, Jeurys Familia,102.2
1632,87,380, A.J. Pierzynski, Tom Koehler,99.4
1633,154,379, Nelson Cruz, David Huff,102.5
1634,100,374, Elvis Andrus, Jose Alvarez,98.2
1635,133,363, Welington Castillo, Kevin Gregg,97.9
1636,67,357, Andre Ethier, Hisashi Iwakuma,100.2
1637,72,352, Dustin Pedroia, Stephen Strasburg,97.6
1638,73,350, Chase Utley, Matt Harvey,97.2
1639,71,434, Jorge Soler, Jumbo Diaz,109.3
1640,95,431, Kendrys Morales, Trevor May,105.9
1641,84,431, David Ortiz, Tanner Roark,105.8
1642,71,427, Collin Cowgill, Ross Detwiler,108.4
1643,94,425, Ryan Zimmerman, Rick Porcello,103.6
1644,79,424, Yasiel Puig, James Paxton,107.9
1645,85,421, Dustin Ackley, Brandon McCarthy,104.3
1646,123,420, Billy Butler, Scott Feldman,105.3
1647,79,418, Yonder Alonso, Rubby De La Rosa,105.3
1648,80,417, Corey Hart, Anibal Sanchez,106.1
1649,88,416, Brett Lawrie, Scott Feldman,102.4
1650,94,415, Jose Altuve, Scott Kazmir,106.8
1651,116,411, Kyle Seager, Brandon McCarthy,102.7
1652,85,410, Josh Harrison, Anibal Sanchez,102.9
1653,110,406, Adam Jones, Michael Pineda,100.3
1654,62,403, Pedro Alvarez, Anibal Sanchez,106.4
1655,89,401, Chris Coghlan, Mike Leake,103.6
1656,68,400, Stephen Drew, Tommy Hunter,103.4
1657,68,397, Mookie Betts, Jordan Zimmermann,107.0
1658,63,397, Chris Young, Wei-Yin Chen,104.3
1659,62,388, Danny Espinosa, Rick Porcello,105.5
1660,59,387, Nelson Cruz, Brandon McCarthy,104.9
1661,84,386, Marcus Semien, Scott Feldman,101.5
1662,84,385, Trevor Plouffe, Danny Duffy,101.1
1663,112,383, Mark Teixeira, Wei-Yin Chen,99.7
1664,98,379, David Freese, Ross Detwiler,95.4
1665,60,376, Jorge Soler, Mike Leake,103.4
1666,89,358, Nelson Cruz, Brandon McCarthy,96.4
1667,75,348, J.D. Martinez, Mark Melancon,96.7
1668,85,444, Joc Pederson, A.J. Schugel,109.2
1669,109,421, Jarrod Saltalamacchia, Ernesto Frieri,103.8
1670,95,420, Carlos Gomez, Casey Sadler,106.8
1671,99,416, Alex Guerrero, Oliver Perez,103.1
1672,99,415, Dexter Fowler, LaTroy Hawkins,104.3
1673,105,414, Jay Bruce, Carlos Martinez,102.2
1674,84,414, Hanley Ramirez, Masahiro Tanaka,103.4
1675,80,411, Matt Carpenter, Kevin Gregg,102.7
1676,107,409, Michael Cuddyer, Alex Wood,102.9
1677,81,409, Adam Jones, Drew Hutchison,101.6
1678,70,409, Rickie Weeks, Eric O'Flaherty,104.3
1679,64,408, Buster Posey, Dale Thayer,107.2
1680,96,406, Darin Ruf, Xavier Cedeno,103.8
1681,97,398, Miguel Cabrera, T.J. House,104.3
1682,81,398, Kevin Pillar, Chris Tillman,104.4
1683,95,398, Billy Hamilton, Carlos Martinez,99.8
1684,77,398, Salvador Perez, Fernando Salas,102.8
1685,81,397, Travis Snider, Drew Hutchison,99.7
1686,93,392, Jake Marisnick, Colby Lewis,103.4
1687,66,390, Andrew McCutchen, Kyle Lohse,102.7
1688,63,389, Yasiel Puig, Josh Collmenter,105.1
1689,70,385, Jose Bautista, Darren O'Day,100.8
1690,102,383, Miguel Cabrera, Austin Adams,100.2
1691,132,381, J.D. Martinez, Shaun Marcum,100.9
1692,80,381, Chase Headley, Clay Buchholz,103.0
1693,127,380, Jonny Gomes, Bartolo Colon,103.0
1694,87,379, Adam LaRoche, Phil Hughes,99.2
1695,57,377, Hank Conger, Logan Verrett,105.3
1696,58,374, Gordon Beckham, Blaine Boyer,107.2
1697,111,367, Albert Pujols, Yordano Ventura,98.1
1698,74,366, Bryce Harper, Sean O'Sullivan,97.1
1699,56,366, Stephen Drew, Clay Buchholz,102.3
1700,81,365, Will Venable, Yusmeiro Petit,98.3
1701,89,363, Neil Walker, Tyler Thornburg,95.7
1702,62,363, Wil Nieves, Jake Peavy,100.0
1703,108,361, Jhonny Peralta, Jumbo Diaz,97.3
1704,55,360, Dalton Pompey, Chris Tillman,103.9
1705,109,360, David DeJesus, Henderson Alvarez,96.2
1706,54,353, Luis Valbuena, Colby Lewis,103.4
1707,85,349, Nelson Cruz, Tyler Clippard,95.1
1708,45,344, Brian McCann, Edward Mujica,105.7
1709,110,445, Starlin Castro, Kyle Kendrick,106.9
1710,106,435, Mike Moustakas, Jered Weaver,105.4
1711,110,434, Nolan Arenado, Jason Hammel,106.4
1712,95,430, Tim Beckham, Mike Dunn,107.7
1713,124,430, Nelson Cruz, Dan Otero,108.9
1714,82,430, Chris Coghlan, Kyle Kendrick,104.9
1715,85,424, Jean Segura, Vance Worley,108.9
1716,84,424, Mike Olt, Kyle Kendrick,104.2
1717,67,411, Paul Goldschmidt, Clayton Kershaw,107.7
1718,99,410, Chris Davis, Aaron Sanchez,105.4
1719,59,408, Geovany Soto, Mike Pelfrey,107.9
1720,84,408, Jonathan Schoop, Todd Redmond,108.5
1721,134,404, Freddie Freeman, Dillon Gee,103.0
1722,96,402, Kole Calhoun, Jeremy Guthrie,99.0
1723,80,399, Adam LaRoche, Mike Pelfrey,101.1
1724,78,395, Dustin Ackley, Sonny Gray,104.2
1725,79,389, Anthony Gose, Corey Kluber,100.4
1726,93,383, Chris Young, Alexi Ogando,102.4
1727,84,378, Marwin Gonzalez, Yovani Gallardo,98.7
1728,81,369, Salvador Perez, Jered Weaver,99.8
1729,57,366, Alejandro De Aza, Aaron Sanchez,104.6
1730,77,365, Joaquin Arias, James Shields,97.5
1731,53,360, Todd Frazier, Michael Wacha,105.9
1732,81,350, Matt Adams, Johnny Cueto,96.2
1733,97,348, Wilson Ramos, Cole Hamels,94.3
1734,123,440, Yasmani Grandal, Chase Anderson,105.6
1735,81,434, Mark Canha, Taijuan Walker,110.9
1736,113,432, Jonathan Schoop, Marco Estrada,106.6
1737,76,431, Pedro Alvarez, Mike Fiers,107.5
1738,116,431, Starling Marte, Neal Cotts,107.5
1739,71,430, Kendrys Morales, Hector Santiago,111.3
1740,93,428, David Wright, Eric Stults,105.1
1741,68,424, Cameron Maybin, Jonathon Niese,108.0
1742,72,418, Randal Grichuk, Jason Marquis,108.2
1743,85,409, John Mayberry Jr., Eric Stults,104.5
1744,76,405, Justin Morneau, Brian Schlitter,102.6
1745,73,403, Michael Taylor, Jerome Williams,109.3
1746,121,402, David Freese, Jason Vargas,100.2
1747,77,401, Chase Headley, Edward Mujica,107.0
1748,83,400, Paul Goldschmidt, Brett Anderson,100.8
1749,72,389, Adam Jones, Mark Buehrle,104.4
1750,65,381, Joey Votto, John Lackey,102.7
1751,61,380, Brian Dozier, Matt Albers,98.7
1752,120,380, David Ortiz, Esmil Rogers,97.2
1753,79,379, Mark Teixeira, Steven Wright,101.2
1754,71,372, Kevin Kiermaier, Dan Haren,102.7
1755,75,371, Nick Castellanos, Zach McAllister,100.2
1756,80,369, Colby Rasmus, Neftali Feliz,98.4
1757,68,367, Joey Votto, John Lackey,99.1
1758,84,359, Jed Lowrie, Derek Holland,97.0
1759,74,431, Edwin Encarnacion, Esmil Rogers,112.4
1760,90,416, Roberto Perez, Asher Wojciechowski,102.9
1761,106,413, Joey Votto, A.J. Burnett,101.8
1762,88,407, Salvador Perez, John Danks,105.5
1763,75,400, Jed Lowrie, Nick Hagadone,103.9
1764,78,400, Alex Rodriguez, Daniel Norris,106.8
1765,72,399, Adrian Beltre, Evan Scribner,102.8
1766,88,391, Rougned Odor, R.J. Alvarez,99.0
1767,71,391, J.D. Martinez, Kyle Gibson,106.5
1768,58,383, Mitch Moreland, Kendall Graveman,106.5
1769,75,371, Mark Teixeira, Daniel Norris,100.6
1770,119,369, Shin-Soo Choo, Kendall Graveman,96.3
1771,92,368, Pedro Alvarez, Anthony DeSclafani,97.2
1772,79,360, Jose Ramirez, Asher Wojciechowski,97.5
1773,85,461, Carlos Gonzalez, Jonathan Broxton,112.5
1774,90,421, Adam Lind, Eddie Butler,103.5
1775,92,420, Lorenzo Cain, Zach Putnam,105.4
1776,84,417, Albert Pujols, Hisashi Iwakuma,111.3
1777,85,415, Wilin Rosario, Francisco Rodriguez,103.1
1778,105,415, Adrian Gonzalez, Andrew Cashner,103.1
1779,73,412, Eric Hosmer, Jose Quintana,104.2
1780,104,409, Todd Frazier, Gerrit Cole,105.6
1781,57,408, Corey Dickerson, Wily Peralta,109.6
1782,85,406, Mike Aviles, Pat Neshek,105.1
1783,82,397, Will Middlebrooks, Brandon McCarthy,102.1
1784,85,395, Jeff Francoeur, Rick Porcello,100.5
1785,77,391, Kyle Seager, Matt Shoemaker,100.8
1786,52,389, Adrian Gonzalez, Andrew Cashner,109.0
1787,104,388, Brad Miller, Matt Shoemaker,100.7
1788,143,387, Tyler Flowers, Danny Duffy,97.7
1789,121,385, Ryan Zimmerman, Jacob deGrom,102.2
1790,72,384, Adrian Gonzalez, Andrew Cashner,101.4
1791,56,375, Casey McGehee, Evan Marshall,106.2
1792,147,371, Justin Upton, Brandon McCarthy,103.4
1793,85,365, A.J. Pierzynski, Tom Koehler,97.2
1794,86,346, Carlos Santana, Scott Feldman,93.4
1795,96,437, David Peralta, Ryan Vogelsong,109.4
1796,74,420, Jake Lamb, Ryan Vogelsong,108.9
1797,83,419, Kevin Kiermaier, Kevin Gausman,103.8
1798,96,417, Brandon Crawford, Rubby De La Rosa,102.5
1799,94,412, Logan Forsythe, Wei-Yin Chen,104.9
1800,94,404, Buster Posey, Rubby De La Rosa,100.9
1801,89,397, Steve Pearce, Nathan Karns,101.9
1802,87,396, David Freese, James Paxton,100.2
1803,119,393, Adrian Gonzalez, Joaquin Benoit,100.2
1804,78,439, Jose Abreu, Yordano Ventura,110.1
1805,79,432, Evan Longoria, Chris Tillman,109.9
1806,100,418, J.D. Martinez, Phil Hughes,103.5
1807,100,412, Ben Zobrist, Yovani Gallardo,105.5
1808,81,411, Alejandro De Aza, Chris Archer,104.3
1809,73,409, Jay Bruce, Francisco Liriano,107.4
1810,121,408, Mike Trout, Felix Hernandez,101.2
1811,57,407, Hanley Ramirez, Cole Hamels,111.4
1812,90,405, Bryce Harper, Bartolo Colon,99.4
1813,83,405, Mike Moustakas, Jeff Samardzija,102.4
1814,115,404, Ryan Flaherty, Kirby Yates,104.2
1815,75,401, Mookie Betts, Cole Hamels,106.2
1816,96,401, Devon Travis, Chasen Shreve,104.2
1817,92,399, Edwin Encarnacion, Masahiro Tanaka,104.1
1818,95,398, Alex Avila, Phil Hughes,100.7
1819,88,398, Andrew McCutchen, Kevin Gregg,99.9
1820,100,397, Nolan Arenado, Kyle Lohse,101.0
1821,96,396, Todd Frazier, Tony Watson,104.4
1822,113,394, Alex Rios, Kyle Drabek,100.0
1823,93,389, Dustin Pedroia, Cole Hamels,98.1
1824,90,386, Jimmy Rollins, Shawn Kelley,99.1
1825,89,384, Brett Gardner, Drew Hutchison,99.1
1826,133,373, Dustin Ackley, Jered Weaver,102.1
1827,118,372, Dustin Pedroia, Cole Hamels,97.7
1828,109,370, Stephen Vogt, Phil Klein,100.5
1829,77,369, Corey Dickerson, Kyle Lohse,98.3
1830,111,362, Steve Pearce, Chris Archer,98.1
1831,86,354, Adrian Gonzalez, James Shields,95.6
1832,83,350, Hanley Ramirez, Jake Diekman,95.7
